{
	"__comment": "Designed by Zeibo with Cubik Studio - https://cubik.studio",
	"textures": {
		"menu": "icons/menu"
	},
	"elements": [ 	 
		{
			"__comment": "Box13",
			"from": [ 0, 8, 6.4 ],
			"to": [ 16, 9, 10.05714 ],
			"faces": {
				"down": { "uv": [ 0, 10.05714, 16, 6.4 ], "texture": "#menu" },
				"up": { "uv": [ 0, 6.4, 16, 10.05714 ], "texture": "#menu" },
				"north": { "uv": [ 16, 6.4, 0, 6.857141 ], "texture": "#menu" },
				"south": { "uv": [ 0, 9.6, 16, 10.05714 ], "texture": "#menu" },
				"west": { "uv": [ 0, 6.4, 0.4571429, 10.05714 ], "texture": "#menu", "rotation": 270 },
				"east": { "uv": [ 16, 10.05714, 15.54286, 6.4 ], "texture": "#menu", "rotation": 270 }
			}
		},
		{
			"__comment": "Box14",
			"from": [ 0.4571, 8, 5.0286 ],
			"to": [ 15.54281, 9, 11.4286 ],
			"faces": {
				"down": { "uv": [ 0.4571429, 11.42857, 15.54286, 5.028571 ], "texture": "#menu" },
				"up": { "uv": [ 0.4571429, 5.028571, 15.54286, 11.42857 ], "texture": "#menu" },
				"north": { "uv": [ 15.54286, 5.028571, 0.4571428, 5.485714 ], "texture": "#menu" },
				"south": { "uv": [ 0.4571429, 10.97143, 15.54286, 11.42857 ], "texture": "#menu" },
				"west": { "uv": [ 0.4571429, 5.028571, 0.9142857, 11.42857 ], "texture": "#menu", "rotation": 270 },
				"east": { "uv": [ 15.54286, 11.42857, 15.08571, 5.028571 ], "texture": "#menu", "rotation": 270 }
			}
		},
		{
			"__comment": "Box15",
			"from": [ 0.9143, 8, 4.1143 ],
			"to": [ 15.08573, 9, 12.34287 ],
			"faces": {
				"down": { "uv": [ 0.9142857, 12.34286, 15.08571, 4.114285 ], "texture": "#menu" },
				"up": { "uv": [ 0.9142857, 4.114285, 15.08571, 12.34286 ], "texture": "#menu" },
				"north": { "uv": [ 15.08571, 4.114285, 0.9142857, 4.571428 ], "texture": "#menu" },
				"south": { "uv": [ 0.9142857, 11.88571, 15.08571, 12.34286 ], "texture": "#menu" },
				"west": { "uv": [ 0.9142857, 4.114285, 1.371429, 12.34286 ], "texture": "#menu", "rotation": 270 },
				"east": { "uv": [ 15.08571, 12.34286, 14.62857, 4.114285 ], "texture": "#menu", "rotation": 270 }
			}
		},
		{
			"__comment": "Box16",
			"from": [ 1.3714, 8, 3.2 ],
			"to": [ 14.62854, 9, 13.25714 ],
			"faces": {
				"down": { "uv": [ 1.371429, 13.25714, 14.62857, 3.2 ], "texture": "#menu" },
				"up": { "uv": [ 1.371429, 3.2, 14.62857, 13.25714 ], "texture": "#menu" },
				"north": { "uv": [ 14.62857, 3.2, 1.371428, 3.657143 ], "texture": "#menu" },
				"south": { "uv": [ 1.371429, 12.8, 14.62857, 13.25714 ], "texture": "#menu" },
				"west": { "uv": [ 1.371429, 3.2, 1.828571, 13.25714 ], "texture": "#menu", "rotation": 270 },
				"east": { "uv": [ 14.62857, 13.25714, 14.17143, 3.2 ], "texture": "#menu", "rotation": 270 }
			}
		},
		{
			"__comment": "Box17",
			"from": [ 1.8286, 8, 2.7429 ],
			"to": [ 14.17146, 9, 13.71433 ],
			"faces": {
				"down": { "uv": [ 1.828571, 13.71429, 14.17143, 2.742857 ], "texture": "#menu" },
				"up": { "uv": [ 1.828571, 2.742857, 14.17143, 13.71429 ], "texture": "#menu" },
				"north": { "uv": [ 14.17143, 2.742857, 1.828571, 3.2 ], "texture": "#menu" },
				"south": { "uv": [ 1.828571, 13.25714, 14.17143, 13.71429 ], "texture": "#menu" },
				"west": { "uv": [ 1.828571, 2.742857, 2.285714, 13.71429 ], "texture": "#menu", "rotation": 270 },
				"east": { "uv": [ 14.17143, 13.71429, 13.71429, 2.742857 ], "texture": "#menu", "rotation": 270 }
			}
		},
		{
			"__comment": "Box18",
			"from": [ 2.2857, 8, 2.2857 ],
			"to": [ 13.71427, 9, 14.17141 ],
			"faces": {
				"down": { "uv": [ 2.285714, 14.17143, 13.71429, 2.285714 ], "texture": "#menu" },
				"up": { "uv": [ 2.285714, 2.285714, 13.71429, 14.17143 ], "texture": "#menu" },
				"north": { "uv": [ 13.71429, 2.285714, 2.285714, 2.742857 ], "texture": "#menu" },
				"south": { "uv": [ 2.285714, 13.71429, 13.71429, 14.17143 ], "texture": "#menu" },
				"west": { "uv": [ 2.285714, 2.285714, 2.742857, 14.17143 ], "texture": "#menu", "rotation": 270 },
				"east": { "uv": [ 13.71429, 14.17143, 13.25714, 2.285714 ], "texture": "#menu", "rotation": 270 }
			}
		},
		{
			"__comment": "Box19",
			"from": [ 2.7429, 8, 1.8286 ],
			"to": [ 13.25719, 9, 14.6286 ],
			"faces": {
				"down": { "uv": [ 2.742857, 14.62857, 13.25714, 1.828571 ], "texture": "#menu" },
				"up": { "uv": [ 2.742857, 1.828571, 13.25714, 14.62857 ], "texture": "#menu" },
				"north": { "uv": [ 13.25714, 1.828571, 2.742857, 2.285714 ], "texture": "#menu" },
				"south": { "uv": [ 2.742857, 14.17143, 13.25714, 14.62857 ], "texture": "#menu" },
				"west": { "uv": [ 2.742857, 1.828571, 3.2, 14.62857 ], "texture": "#menu", "rotation": 270 },
				"east": { "uv": [ 13.25714, 14.62857, 12.8, 1.828571 ], "texture": "#menu", "rotation": 270 }
			}
		},
		{
			"__comment": "Box20",
			"from": [ 3.6571, 8, 1.3714 ],
			"to": [ 12.34281, 9, 15.08569 ],
			"faces": {
				"down": { "uv": [ 3.657143, 15.08571, 12.34286, 1.371428 ], "texture": "#menu" },
				"up": { "uv": [ 3.657143, 1.371428, 12.34286, 15.08571 ], "texture": "#menu" },
				"north": { "uv": [ 12.34286, 1.371428, 3.657144, 1.828571 ], "texture": "#menu" },
				"south": { "uv": [ 3.657143, 14.62857, 12.34286, 15.08571 ], "texture": "#menu" },
				"west": { "uv": [ 3.657143, 1.371428, 4.114286, 15.08571 ], "texture": "#menu", "rotation": 270 },
				"east": { "uv": [ 12.34286, 15.08571, 11.88571, 1.371428 ], "texture": "#menu", "rotation": 270 }
			}
		},
		{
			"__comment": "Box21",
			"from": [ 4.1143, 8, 0.9143 ],
			"to": [ 11.88573, 9, 15.54287 ],
			"faces": {
				"down": { "uv": [ 4.114286, 15.54286, 11.88571, 0.9142857 ], "texture": "#menu" },
				"up": { "uv": [ 4.114286, 0.9142857, 11.88571, 15.54286 ], "texture": "#menu" },
				"north": { "uv": [ 11.88571, 0.9142857, 4.114286, 1.371428 ], "texture": "#menu" },
				"south": { "uv": [ 4.114286, 15.08571, 11.88571, 15.54286 ], "texture": "#menu" },
				"west": { "uv": [ 4.114286, 0.9142857, 4.571429, 15.54286 ], "texture": "#menu", "rotation": 270 },
				"east": { "uv": [ 11.88571, 15.54286, 11.42857, 0.9142857 ], "texture": "#menu", "rotation": 270 }
			}
		},
		{
			"__comment": "Box22",
			"from": [ 5.4857, 8, 0.4571 ],
			"to": [ 10.51427, 9, 15.99996 ],
			"faces": {
				"down": { "uv": [ 5.485714, 16, 10.51429, 0.4571428 ], "texture": "#menu" },
				"up": { "uv": [ 5.485714, 0.4571428, 10.51429, 16 ], "texture": "#menu" },
				"north": { "uv": [ 10.51429, 0.4571428, 5.485714, 0.9142857 ], "texture": "#menu" },
				"south": { "uv": [ 5.485714, 15.54286, 10.51429, 16 ], "texture": "#menu" },
				"west": { "uv": [ 5.485714, 0.4571428, 5.942857, 16 ], "texture": "#menu", "rotation": 270 },
				"east": { "uv": [ 10.51429, 16, 10.05714, 0.4571428 ], "texture": "#menu", "rotation": 270 }
			}
		}
	],
	"display": {
		"thirdperson_righthand": {
			"rotation":  [ 20, 0, 0 ],
			"translation":  [ -6.26, 9.7385, 14.608 ],
			"scale":  [ 1.5, 1.5, 1.5 ]
		},
		"thirdperson_lefthand": {
			"rotation":  [ 50, 0, 0 ],
			"translation":  [ -6.26, 9.7387, 0.695 ],
			"scale":  [ 0.5, 0.5, 0.5 ]
		},
		"firstperson_righthand": {
			"scale":  [ 0.0001, 0.0001, 0.0001 ]
		},
		"firstperson_lefthand": {
			"scale":  [ 0.0001, 0.0001, 0.0001 ]
		},
		"gui": {
			"rotation":  [ 90, 0, 0 ],
			"translation":  [ 0, 0, -80 ],
			"scale":  [ 1.2, 0.5, 1.2 ]
		},
		"fixed": {
			"rotation":  [ 90, 0, 0 ],
			"translation":  [ 0, 0, -1 ]
		}
	}
}