{
	"__comment": "Designed by Zeibo with Cubik Studio - https://cubik.studio",
	"textures": {
		"tt_elf": "icons/tt_elf"
	},
	"elements": [ 	 
		{
			"__comment": "Box1",
			"from": [ 0.4848, 8, 7.7576 ],
			"to": [ 2.424194, 9, 8.242449 ],
			"faces": {
				"down": { "uv": [ 0.4848485, 8.242424, 2.424242, 7.757576 ], "texture": "#tt_elf" },
				"up": { "uv": [ 0.4848485, 7.757576, 2.424242, 8.242424 ], "texture": "#tt_elf" },
				"north": { "uv": [ 2.424242, 7.757576, 0.4848485, 8.242424 ], "texture": "#tt_elf" },
				"south": { "uv": [ 0.4848485, 7.757576, 2.424242, 8.242424 ], "texture": "#tt_elf" },
				"west": { "uv": [ 0.4848485, 7.757576, 0.969697, 8.242424 ], "texture": "#tt_elf", "rotation": 270 },
				"east": { "uv": [ 2.424242, 8.242424, 1.939394, 7.757576 ], "texture": "#tt_elf", "rotation": 270 }
			}
		},
		{
			"__comment": "Box2",
			"from": [ 0.9697, 8, 7.2727 ],
			"to": [ 2.909094, 9, 7.757548 ],
			"faces": {
				"down": { "uv": [ 0.969697, 7.757576, 2.909091, 7.272727 ], "texture": "#tt_elf" },
				"up": { "uv": [ 0.969697, 7.272727, 2.909091, 7.757576 ], "texture": "#tt_elf" },
				"north": { "uv": [ 2.909091, 7.272727, 0.969697, 7.757576 ], "texture": "#tt_elf" },
				"south": { "uv": [ 0.969697, 7.272728, 2.909091, 7.757576 ], "texture": "#tt_elf" },
				"west": { "uv": [ 0.969697, 7.272727, 1.454545, 7.757576 ], "texture": "#tt_elf", "rotation": 270 },
				"east": { "uv": [ 2.909091, 7.757576, 2.424242, 7.272727 ], "texture": "#tt_elf", "rotation": 270 }
			}
		},
		{
			"__comment": "Box3",
			"from": [ 0.9697, 8, 8.2424 ],
			"to": [ 3.393942, 9, 8.727249 ],
			"faces": {
				"down": { "uv": [ 0.969697, 8.727272, 3.393939, 8.242424 ], "texture": "#tt_elf" },
				"up": { "uv": [ 0.969697, 8.242424, 3.393939, 8.727272 ], "texture": "#tt_elf" },
				"north": { "uv": [ 3.393939, 8.242424, 0.969697, 8.727272 ], "texture": "#tt_elf" },
				"south": { "uv": [ 0.969697, 8.242424, 3.393939, 8.727272 ], "texture": "#tt_elf" },
				"west": { "uv": [ 0.969697, 8.242424, 1.454545, 8.727272 ], "texture": "#tt_elf", "rotation": 270 },
				"east": { "uv": [ 3.393939, 8.727272, 2.909091, 8.242424 ], "texture": "#tt_elf", "rotation": 270 }
			}
		},
		{
			"__comment": "Box4",
			"from": [ 1.4545, 8, 6.7879 ],
			"to": [ 4.363591, 9, 7.272748 ],
			"faces": {
				"down": { "uv": [ 1.454545, 7.272727, 4.363636, 6.787879 ], "texture": "#tt_elf" },
				"up": { "uv": [ 1.454545, 6.787879, 4.363636, 7.272727 ], "texture": "#tt_elf" },
				"north": { "uv": [ 4.363636, 6.787879, 1.454545, 7.272728 ], "texture": "#tt_elf" },
				"south": { "uv": [ 1.454545, 6.787878, 4.363636, 7.272727 ], "texture": "#tt_elf" },
				"west": { "uv": [ 1.454545, 6.787879, 1.939394, 7.272727 ], "texture": "#tt_elf", "rotation": 270 },
				"east": { "uv": [ 4.363636, 7.272727, 3.878788, 6.787879 ], "texture": "#tt_elf", "rotation": 270 }
			}
		},
		{
			"__comment": "Box5",
			"from": [ 1.4545, 8, 8.7273 ],
			"to": [ 4.363591, 9, 9.212149 ],
			"faces": {
				"down": { "uv": [ 1.454545, 9.212121, 4.363636, 8.727272 ], "texture": "#tt_elf" },
				"up": { "uv": [ 1.454545, 8.727272, 4.363636, 9.212121 ], "texture": "#tt_elf" },
				"north": { "uv": [ 4.363636, 8.727272, 1.454545, 9.212121 ], "texture": "#tt_elf" },
				"south": { "uv": [ 1.454545, 8.727272, 4.363636, 9.212121 ], "texture": "#tt_elf" },
				"west": { "uv": [ 1.454545, 8.727272, 1.939394, 9.212121 ], "texture": "#tt_elf", "rotation": 270 },
				"east": { "uv": [ 4.363636, 9.212121, 3.878788, 8.727272 ], "texture": "#tt_elf", "rotation": 270 }
			}
		},
		{
			"__comment": "Box6",
			"from": [ 1.9394, 8, 3.3939 ],
			"to": [ 2.909097, 9, 6.787839 ],
			"faces": {
				"down": { "uv": [ 1.939394, 6.787879, 2.909091, 3.393939 ], "texture": "#tt_elf" },
				"up": { "uv": [ 1.939394, 3.393939, 2.909091, 6.787879 ], "texture": "#tt_elf" },
				"north": { "uv": [ 2.909091, 3.393939, 1.939394, 3.878788 ], "texture": "#tt_elf" },
				"south": { "uv": [ 1.939394, 6.30303, 2.909091, 6.787879 ], "texture": "#tt_elf" },
				"west": { "uv": [ 1.939394, 3.393939, 2.424242, 6.787879 ], "texture": "#tt_elf", "rotation": 270 },
				"east": { "uv": [ 2.909091, 6.787879, 2.424242, 3.393939 ], "texture": "#tt_elf", "rotation": 270 }
			}
		},
		{
			"__comment": "Box7",
			"from": [ 1.9394, 8, 9.2121 ],
			"to": [ 7.757582, 9, 9.696949 ],
			"faces": {
				"down": { "uv": [ 1.939394, 9.69697, 7.757576, 9.212121 ], "texture": "#tt_elf" },
				"up": { "uv": [ 1.939394, 9.212121, 7.757576, 9.69697 ], "texture": "#tt_elf" },
				"north": { "uv": [ 7.757576, 9.212121, 1.939394, 9.69697 ], "texture": "#tt_elf" },
				"south": { "uv": [ 1.939394, 9.212121, 7.757576, 9.69697 ], "texture": "#tt_elf" },
				"west": { "uv": [ 1.939394, 9.212121, 2.424242, 9.69697 ], "texture": "#tt_elf", "rotation": 270 },
				"east": { "uv": [ 7.757576, 9.69697, 7.272727, 9.212121 ], "texture": "#tt_elf", "rotation": 270 }
			}
		},
		{
			"__comment": "Box8",
			"from": [ 1.9394, 8, 9.697 ],
			"to": [ 5.818188, 9, 10.18185 ],
			"faces": {
				"down": { "uv": [ 1.939394, 10.18182, 5.818182, 9.69697 ], "texture": "#tt_elf" },
				"up": { "uv": [ 1.939394, 9.69697, 5.818182, 10.18182 ], "texture": "#tt_elf" },
				"north": { "uv": [ 5.818182, 9.69697, 1.939394, 10.18182 ], "texture": "#tt_elf" },
				"south": { "uv": [ 1.939394, 9.69697, 5.818182, 10.18182 ], "texture": "#tt_elf" },
				"west": { "uv": [ 1.939394, 9.69697, 2.424242, 10.18182 ], "texture": "#tt_elf", "rotation": 270 },
				"east": { "uv": [ 5.818182, 10.18182, 5.333333, 9.69697 ], "texture": "#tt_elf", "rotation": 270 }
			}
		},
		{
			"__comment": "Box9",
			"from": [ 1.9394, 8, 10.1818 ],
			"to": [ 3.393945, 9, 12.12119 ],
			"faces": {
				"down": { "uv": [ 1.939394, 12.12121, 3.393939, 10.18182 ], "texture": "#tt_elf" },
				"up": { "uv": [ 1.939394, 10.18182, 3.393939, 12.12121 ], "texture": "#tt_elf" },
				"north": { "uv": [ 3.393939, 10.18182, 1.939394, 10.66667 ], "texture": "#tt_elf" },
				"south": { "uv": [ 1.939394, 11.63636, 3.393939, 12.12121 ], "texture": "#tt_elf" },
				"west": { "uv": [ 1.939394, 10.18182, 2.424242, 12.12121 ], "texture": "#tt_elf", "rotation": 270 },
				"east": { "uv": [ 3.393939, 12.12121, 2.909091, 10.18182 ], "texture": "#tt_elf", "rotation": 270 }
			}
		},
		{
			"__comment": "Box10",
			"from": [ 1.9394, 8, 12.1212 ],
			"to": [ 2.909097, 9, 12.60605 ],
			"faces": {
				"down": { "uv": [ 1.939394, 12.60606, 2.909091, 12.12121 ], "texture": "#tt_elf" },
				"up": { "uv": [ 1.939394, 12.12121, 2.909091, 12.60606 ], "texture": "#tt_elf" },
				"north": { "uv": [ 2.909091, 12.12121, 1.939394, 12.60606 ], "texture": "#tt_elf" },
				"south": { "uv": [ 1.939394, 12.12121, 2.909091, 12.60606 ], "texture": "#tt_elf" },
				"west": { "uv": [ 1.939394, 12.12121, 2.424242, 12.60606 ], "texture": "#tt_elf", "rotation": 270 },
				"east": { "uv": [ 2.909091, 12.60606, 2.424242, 12.12121 ], "texture": "#tt_elf", "rotation": 270 }
			}
		},
		{
			"__comment": "Box11",
			"from": [ 2.4242, 8, 2.9091 ],
			"to": [ 2.909048, 9, 3.393948 ],
			"faces": {
				"down": { "uv": [ 2.424242, 3.393939, 2.909091, 2.909091 ], "texture": "#tt_elf" },
				"up": { "uv": [ 2.424242, 2.909091, 2.909091, 3.393939 ], "texture": "#tt_elf" },
				"north": { "uv": [ 2.909091, 2.909091, 2.424242, 3.39394 ], "texture": "#tt_elf" },
				"south": { "uv": [ 2.424242, 2.90909, 2.909091, 3.393939 ], "texture": "#tt_elf" },
				"west": { "uv": [ 2.424242, 2.909091, 2.909091, 3.393939 ], "texture": "#tt_elf", "rotation": 270 },
				"east": { "uv": [ 2.909091, 3.393939, 2.424242, 2.909091 ], "texture": "#tt_elf", "rotation": 270 }
			}
		},
		{
			"__comment": "Box12",
			"from": [ 2.4242, 8, 12.6061 ],
			"to": [ 2.909048, 9, 13.09095 ],
			"faces": {
				"down": { "uv": [ 2.424242, 13.09091, 2.909091, 12.60606 ], "texture": "#tt_elf" },
				"up": { "uv": [ 2.424242, 12.60606, 2.909091, 13.09091 ], "texture": "#tt_elf" },
				"north": { "uv": [ 2.909091, 12.60606, 2.424242, 13.09091 ], "texture": "#tt_elf" },
				"south": { "uv": [ 2.424242, 12.60606, 2.909091, 13.09091 ], "texture": "#tt_elf" },
				"west": { "uv": [ 2.424242, 12.60606, 2.909091, 13.09091 ], "texture": "#tt_elf", "rotation": 270 },
				"east": { "uv": [ 2.909091, 13.09091, 2.424242, 12.60606 ], "texture": "#tt_elf", "rotation": 270 }
			}
		},
		{
			"__comment": "Box13",
			"from": [ 2.9091, 8, 2.4242 ],
			"to": [ 7.757585, 9, 2.909048 ],
			"faces": {
				"down": { "uv": [ 2.909091, 2.909091, 7.757576, 2.424242 ], "texture": "#tt_elf" },
				"up": { "uv": [ 2.909091, 2.424242, 7.757576, 2.909091 ], "texture": "#tt_elf" },
				"north": { "uv": [ 7.757576, 2.424242, 2.909091, 2.90909 ], "texture": "#tt_elf" },
				"south": { "uv": [ 2.909091, 2.424242, 7.757576, 2.909091 ], "texture": "#tt_elf" },
				"west": { "uv": [ 2.909091, 2.424242, 3.393939, 2.909091 ], "texture": "#tt_elf", "rotation": 270 },
				"east": { "uv": [ 7.757576, 2.909091, 7.272727, 2.424242 ], "texture": "#tt_elf", "rotation": 270 }
			}
		},
		{
			"__comment": "Box14",
			"from": [ 2.9091, 8, 3.8788 ],
			"to": [ 3.393948, 9, 6.787891 ],
			"faces": {
				"down": { "uv": [ 2.909091, 6.787879, 3.393939, 3.878788 ], "texture": "#tt_elf" },
				"up": { "uv": [ 2.909091, 3.878788, 3.393939, 6.787879 ], "texture": "#tt_elf" },
				"north": { "uv": [ 3.393939, 3.878788, 2.909091, 4.363636 ], "texture": "#tt_elf" },
				"south": { "uv": [ 2.909091, 6.30303, 3.393939, 6.787879 ], "texture": "#tt_elf" },
				"west": { "uv": [ 2.909091, 3.878788, 3.393939, 6.787879 ], "texture": "#tt_elf", "rotation": 270 },
				"east": { "uv": [ 3.393939, 6.787879, 2.909091, 3.878788 ], "texture": "#tt_elf", "rotation": 270 }
			}
		},
		{
			"__comment": "Box15",
			"from": [ 2.9091, 8, 13.0909 ],
			"to": [ 7.757585, 9, 13.57575 ],
			"faces": {
				"down": { "uv": [ 2.909091, 13.57576, 7.757576, 13.09091 ], "texture": "#tt_elf" },
				"up": { "uv": [ 2.909091, 13.09091, 7.757576, 13.57576 ], "texture": "#tt_elf" },
				"north": { "uv": [ 7.757576, 13.09091, 2.909091, 13.57576 ], "texture": "#tt_elf" },
				"south": { "uv": [ 2.909091, 13.09091, 7.757576, 13.57576 ], "texture": "#tt_elf" },
				"west": { "uv": [ 2.909091, 13.09091, 3.393939, 13.57576 ], "texture": "#tt_elf", "rotation": 270 },
				"east": { "uv": [ 7.757576, 13.57576, 7.272727, 13.09091 ], "texture": "#tt_elf", "rotation": 270 }
			}
		},
		{
			"__comment": "Box16",
			"from": [ 3.3939, 8, 1.9394 ],
			"to": [ 12.60602, 9, 2.424248 ],
			"faces": {
				"down": { "uv": [ 3.393939, 2.424242, 12.60606, 1.939394 ], "texture": "#tt_elf" },
				"up": { "uv": [ 3.393939, 1.939394, 12.60606, 2.424242 ], "texture": "#tt_elf" },
				"north": { "uv": [ 12.60606, 1.939394, 3.393939, 2.424242 ], "texture": "#tt_elf" },
				"south": { "uv": [ 3.393939, 1.939394, 12.60606, 2.424242 ], "texture": "#tt_elf" },
				"west": { "uv": [ 3.393939, 1.939394, 3.878788, 2.424242 ], "texture": "#tt_elf", "rotation": 270 },
				"east": { "uv": [ 12.60606, 2.424242, 12.12121, 1.939394 ], "texture": "#tt_elf", "rotation": 270 }
			}
		},
		{
			"__comment": "Box17",
			"from": [ 3.3939, 8, 4.3636 ],
			"to": [ 3.878748, 9, 5.333297 ],
			"faces": {
				"down": { "uv": [ 3.393939, 5.333333, 3.878788, 4.363636 ], "texture": "#tt_elf" },
				"up": { "uv": [ 3.393939, 4.363636, 3.878788, 5.333333 ], "texture": "#tt_elf" },
				"north": { "uv": [ 3.878788, 4.363636, 3.393939, 4.848484 ], "texture": "#tt_elf" },
				"south": { "uv": [ 3.393939, 4.848484, 3.878788, 5.333333 ], "texture": "#tt_elf" },
				"west": { "uv": [ 3.393939, 4.363636, 3.878788, 5.333333 ], "texture": "#tt_elf", "rotation": 270 },
				"east": { "uv": [ 3.878788, 5.333333, 3.393939, 4.363636 ], "texture": "#tt_elf", "rotation": 270 }
			}
		},
		{
			"__comment": "Box18",
			"from": [ 3.3939, 8, 5.8182 ],
			"to": [ 5.818142, 9, 6.787897 ],
			"faces": {
				"down": { "uv": [ 3.393939, 6.787879, 5.818182, 5.818182 ], "texture": "#tt_elf" },
				"up": { "uv": [ 3.393939, 5.818182, 5.818182, 6.787879 ], "texture": "#tt_elf" },
				"north": { "uv": [ 5.818182, 5.818182, 3.393939, 6.30303 ], "texture": "#tt_elf" },
				"south": { "uv": [ 3.393939, 6.30303, 5.818182, 6.787879 ], "texture": "#tt_elf" },
				"west": { "uv": [ 3.393939, 5.818182, 3.878788, 6.787879 ], "texture": "#tt_elf", "rotation": 270 },
				"east": { "uv": [ 5.818182, 6.787879, 5.333333, 5.818182 ], "texture": "#tt_elf", "rotation": 270 }
			}
		},
		{
			"__comment": "Box19",
			"from": [ 3.3939, 8, 10.6667 ],
			"to": [ 3.878748, 9, 11.6364 ],
			"faces": {
				"down": { "uv": [ 3.393939, 11.63636, 3.878788, 10.66667 ], "texture": "#tt_elf" },
				"up": { "uv": [ 3.393939, 10.66667, 3.878788, 11.63636 ], "texture": "#tt_elf" },
				"north": { "uv": [ 3.878788, 10.66667, 3.393939, 11.15152 ], "texture": "#tt_elf" },
				"south": { "uv": [ 3.393939, 11.15152, 3.878788, 11.63636 ], "texture": "#tt_elf" },
				"west": { "uv": [ 3.393939, 10.66667, 3.878788, 11.63636 ], "texture": "#tt_elf", "rotation": 270 },
				"east": { "uv": [ 3.878788, 11.63636, 3.393939, 10.66667 ], "texture": "#tt_elf", "rotation": 270 }
			}
		},
		{
			"__comment": "Box20",
			"from": [ 3.3939, 8, 13.5758 ],
			"to": [ 12.60602, 9, 14.06065 ],
			"faces": {
				"down": { "uv": [ 3.393939, 14.06061, 12.60606, 13.57576 ], "texture": "#tt_elf" },
				"up": { "uv": [ 3.393939, 13.57576, 12.60606, 14.06061 ], "texture": "#tt_elf" },
				"north": { "uv": [ 12.60606, 13.57576, 3.393939, 14.06061 ], "texture": "#tt_elf" },
				"south": { "uv": [ 3.393939, 13.57576, 12.60606, 14.06061 ], "texture": "#tt_elf" },
				"west": { "uv": [ 3.393939, 13.57576, 3.878788, 14.06061 ], "texture": "#tt_elf", "rotation": 270 },
				"east": { "uv": [ 12.60606, 14.06061, 12.12121, 13.57576 ], "texture": "#tt_elf", "rotation": 270 }
			}
		},
		{
			"__comment": "Box21",
			"from": [ 3.8788, 8, 2.9091 ],
			"to": [ 7.272739, 9, 3.393948 ],
			"faces": {
				"down": { "uv": [ 3.878788, 3.393939, 7.272727, 2.909091 ], "texture": "#tt_elf" },
				"up": { "uv": [ 3.878788, 2.909091, 7.272727, 3.393939 ], "texture": "#tt_elf" },
				"north": { "uv": [ 7.272727, 2.909091, 3.878788, 3.39394 ], "texture": "#tt_elf" },
				"south": { "uv": [ 3.878788, 2.90909, 7.272727, 3.393939 ], "texture": "#tt_elf" },
				"west": { "uv": [ 3.878788, 2.909091, 4.363636, 3.393939 ], "texture": "#tt_elf", "rotation": 270 },
				"east": { "uv": [ 7.272727, 3.393939, 6.787879, 2.909091 ], "texture": "#tt_elf", "rotation": 270 }
			}
		},
		{
			"__comment": "Box22",
			"from": [ 3.8788, 8, 12.6061 ],
			"to": [ 7.272739, 9, 13.09095 ],
			"faces": {
				"down": { "uv": [ 3.878788, 13.09091, 7.272727, 12.60606 ], "texture": "#tt_elf" },
				"up": { "uv": [ 3.878788, 12.60606, 7.272727, 13.09091 ], "texture": "#tt_elf" },
				"north": { "uv": [ 7.272727, 12.60606, 3.878788, 13.09091 ], "texture": "#tt_elf" },
				"south": { "uv": [ 3.878788, 12.60606, 7.272727, 13.09091 ], "texture": "#tt_elf" },
				"west": { "uv": [ 3.878788, 12.60606, 4.363636, 13.09091 ], "texture": "#tt_elf", "rotation": 270 },
				"east": { "uv": [ 7.272727, 13.09091, 6.787879, 12.60606 ], "texture": "#tt_elf", "rotation": 270 }
			}
		},
		{
			"__comment": "Box23",
			"from": [ 4.3636, 8, 3.3939 ],
			"to": [ 5.333297, 9, 3.878748 ],
			"faces": {
				"down": { "uv": [ 4.363636, 3.878788, 5.333333, 3.393939 ], "texture": "#tt_elf" },
				"up": { "uv": [ 4.363636, 3.393939, 5.333333, 3.878788 ], "texture": "#tt_elf" },
				"north": { "uv": [ 5.333333, 3.393939, 4.363636, 3.878788 ], "texture": "#tt_elf" },
				"south": { "uv": [ 4.363636, 3.39394, 5.333333, 3.878788 ], "texture": "#tt_elf" },
				"west": { "uv": [ 4.363636, 3.393939, 4.848485, 3.878788 ], "texture": "#tt_elf", "rotation": 270 },
				"east": { "uv": [ 5.333333, 3.878788, 4.848485, 3.393939 ], "texture": "#tt_elf", "rotation": 270 }
			}
		},
		{
			"__comment": "Box24",
			"from": [ 4.3636, 8, 5.3333 ],
			"to": [ 4.848448, 9, 5.818148 ],
			"faces": {
				"down": { "uv": [ 4.363636, 5.818182, 4.848485, 5.333333 ], "texture": "#tt_elf" },
				"up": { "uv": [ 4.363636, 5.333333, 4.848485, 5.818182 ], "texture": "#tt_elf" },
				"north": { "uv": [ 4.848485, 5.333333, 4.363636, 5.818182 ], "texture": "#tt_elf" },
				"south": { "uv": [ 4.363636, 5.333334, 4.848485, 5.818182 ], "texture": "#tt_elf" },
				"west": { "uv": [ 4.363636, 5.333333, 4.848485, 5.818182 ], "texture": "#tt_elf", "rotation": 270 },
				"east": { "uv": [ 4.848485, 5.818182, 4.363636, 5.333333 ], "texture": "#tt_elf", "rotation": 270 }
			}
		},
		{
			"__comment": "Box25",
			"from": [ 4.3636, 8, 10.1818 ],
			"to": [ 4.848448, 9, 10.66665 ],
			"faces": {
				"down": { "uv": [ 4.363636, 10.66667, 4.848485, 10.18182 ], "texture": "#tt_elf" },
				"up": { "uv": [ 4.363636, 10.18182, 4.848485, 10.66667 ], "texture": "#tt_elf" },
				"north": { "uv": [ 4.848485, 10.18182, 4.363636, 10.66667 ], "texture": "#tt_elf" },
				"south": { "uv": [ 4.363636, 10.18182, 4.848485, 10.66667 ], "texture": "#tt_elf" },
				"west": { "uv": [ 4.363636, 10.18182, 4.848485, 10.66667 ], "texture": "#tt_elf", "rotation": 270 },
				"east": { "uv": [ 4.848485, 10.66667, 4.363636, 10.18182 ], "texture": "#tt_elf", "rotation": 270 }
			}
		},
		{
			"__comment": "Box26",
			"from": [ 4.3636, 8, 12.1212 ],
			"to": [ 5.333297, 9, 12.60605 ],
			"faces": {
				"down": { "uv": [ 4.363636, 12.60606, 5.333333, 12.12121 ], "texture": "#tt_elf" },
				"up": { "uv": [ 4.363636, 12.12121, 5.333333, 12.60606 ], "texture": "#tt_elf" },
				"north": { "uv": [ 5.333333, 12.12121, 4.363636, 12.60606 ], "texture": "#tt_elf" },
				"south": { "uv": [ 4.363636, 12.12121, 5.333333, 12.60606 ], "texture": "#tt_elf" },
				"west": { "uv": [ 4.363636, 12.12121, 4.848485, 12.60606 ], "texture": "#tt_elf", "rotation": 270 },
				"east": { "uv": [ 5.333333, 12.60606, 4.848485, 12.12121 ], "texture": "#tt_elf", "rotation": 270 }
			}
		},
		{
			"__comment": "Box27",
			"from": [ 4.8485, 8, 6.7879 ],
			"to": [ 11.15153, 9, 7.272748 ],
			"faces": {
				"down": { "uv": [ 4.848485, 7.272727, 11.15152, 6.787879 ], "texture": "#tt_elf" },
				"up": { "uv": [ 4.848485, 6.787879, 11.15152, 7.272727 ], "texture": "#tt_elf" },
				"north": { "uv": [ 11.15152, 6.787879, 4.848485, 7.272728 ], "texture": "#tt_elf" },
				"south": { "uv": [ 4.848485, 6.787878, 11.15152, 7.272727 ], "texture": "#tt_elf" },
				"west": { "uv": [ 4.848485, 6.787879, 5.333333, 7.272727 ], "texture": "#tt_elf", "rotation": 270 },
				"east": { "uv": [ 11.15152, 7.272727, 10.66667, 6.787879 ], "texture": "#tt_elf", "rotation": 270 }
			}
		},
		{
			"__comment": "Box28",
			"from": [ 4.8485, 8, 8.7273 ],
			"to": [ 11.15153, 9, 9.212149 ],
			"faces": {
				"down": { "uv": [ 4.848485, 9.212121, 11.15152, 8.727272 ], "texture": "#tt_elf" },
				"up": { "uv": [ 4.848485, 8.727272, 11.15152, 9.212121 ], "texture": "#tt_elf" },
				"north": { "uv": [ 11.15152, 8.727272, 4.848485, 9.212121 ], "texture": "#tt_elf" },
				"south": { "uv": [ 4.848485, 8.727272, 11.15152, 9.212121 ], "texture": "#tt_elf" },
				"west": { "uv": [ 4.848485, 8.727272, 5.333333, 9.212121 ], "texture": "#tt_elf", "rotation": 270 },
				"east": { "uv": [ 11.15152, 9.212121, 10.66667, 8.727272 ], "texture": "#tt_elf", "rotation": 270 }
			}
		},
		{
			"__comment": "Box29",
			"from": [ 5.3333, 8, 4.3636 ],
			"to": [ 6.787845, 9, 4.848448 ],
			"faces": {
				"down": { "uv": [ 5.333333, 4.848485, 6.787879, 4.363636 ], "texture": "#tt_elf" },
				"up": { "uv": [ 5.333333, 4.363636, 6.787879, 4.848485 ], "texture": "#tt_elf" },
				"north": { "uv": [ 6.787879, 4.363636, 5.333333, 4.848484 ], "texture": "#tt_elf" },
				"south": { "uv": [ 5.333333, 4.363636, 6.787879, 4.848485 ], "texture": "#tt_elf" },
				"west": { "uv": [ 5.333333, 4.363636, 5.818182, 4.848485 ], "texture": "#tt_elf", "rotation": 270 },
				"east": { "uv": [ 6.787879, 4.848485, 6.30303, 4.363636 ], "texture": "#tt_elf", "rotation": 270 }
			}
		},
		{
			"__comment": "Box30",
			"from": [ 5.3333, 8, 11.1515 ],
			"to": [ 6.787845, 9, 11.63635 ],
			"faces": {
				"down": { "uv": [ 5.333333, 11.63636, 6.787879, 11.15152 ], "texture": "#tt_elf" },
				"up": { "uv": [ 5.333333, 11.15152, 6.787879, 11.63636 ], "texture": "#tt_elf" },
				"north": { "uv": [ 6.787879, 11.15152, 5.333333, 11.63636 ], "texture": "#tt_elf" },
				"south": { "uv": [ 5.333333, 11.15152, 6.787879, 11.63636 ], "texture": "#tt_elf" },
				"west": { "uv": [ 5.333333, 11.15152, 5.818182, 11.63636 ], "texture": "#tt_elf", "rotation": 270 },
				"east": { "uv": [ 6.787879, 11.63636, 6.30303, 11.15152 ], "texture": "#tt_elf", "rotation": 270 }
			}
		},
		{
			"__comment": "Box31",
			"from": [ 5.8182, 8, 3.3939 ],
			"to": [ 7.272745, 9, 4.363597 ],
			"faces": {
				"down": { "uv": [ 5.818182, 4.363636, 7.272727, 3.393939 ], "texture": "#tt_elf" },
				"up": { "uv": [ 5.818182, 3.393939, 7.272727, 4.363636 ], "texture": "#tt_elf" },
				"north": { "uv": [ 7.272727, 3.393939, 5.818182, 3.878788 ], "texture": "#tt_elf" },
				"south": { "uv": [ 5.818182, 3.878788, 7.272727, 4.363636 ], "texture": "#tt_elf" },
				"west": { "uv": [ 5.818182, 3.393939, 6.30303, 4.363636 ], "texture": "#tt_elf", "rotation": 270 },
				"east": { "uv": [ 7.272727, 4.363636, 6.787879, 3.393939 ], "texture": "#tt_elf", "rotation": 270 }
			}
		},
		{
			"__comment": "Box32",
			"from": [ 5.8182, 8, 4.8485 ],
			"to": [ 7.272745, 9, 5.818197 ],
			"faces": {
				"down": { "uv": [ 5.818182, 5.818182, 7.272727, 4.848485 ], "texture": "#tt_elf" },
				"up": { "uv": [ 5.818182, 4.848485, 7.272727, 5.818182 ], "texture": "#tt_elf" },
				"north": { "uv": [ 7.272727, 4.848485, 5.818182, 5.333334 ], "texture": "#tt_elf" },
				"south": { "uv": [ 5.818182, 5.333334, 7.272727, 5.818182 ], "texture": "#tt_elf" },
				"west": { "uv": [ 5.818182, 4.848485, 6.30303, 5.818182 ], "texture": "#tt_elf", "rotation": 270 },
				"east": { "uv": [ 7.272727, 5.818182, 6.787879, 4.848485 ], "texture": "#tt_elf", "rotation": 270 }
			}
		},
		{
			"__comment": "Box33",
			"from": [ 5.8182, 8, 6.303 ],
			"to": [ 7.757594, 9, 7.757545 ],
			"faces": {
				"down": { "uv": [ 5.818182, 7.757576, 7.757576, 6.30303 ], "texture": "#tt_elf" },
				"up": { "uv": [ 5.818182, 6.30303, 7.757576, 7.757576 ], "texture": "#tt_elf" },
				"north": { "uv": [ 7.757576, 6.30303, 5.818182, 6.787878 ], "texture": "#tt_elf" },
				"south": { "uv": [ 5.818182, 7.272728, 7.757576, 7.757576 ], "texture": "#tt_elf" },
				"west": { "uv": [ 5.818182, 6.30303, 6.30303, 7.757576 ], "texture": "#tt_elf", "rotation": 270 },
				"east": { "uv": [ 7.757576, 7.757576, 7.272727, 6.30303 ], "texture": "#tt_elf", "rotation": 270 }
			}
		},
		{
			"__comment": "Box34",
			"from": [ 5.8182, 8, 8.2424 ],
			"to": [ 10.18184, 9, 8.727249 ],
			"faces": {
				"down": { "uv": [ 5.818182, 8.727272, 10.18182, 8.242424 ], "texture": "#tt_elf" },
				"up": { "uv": [ 5.818182, 8.242424, 10.18182, 8.727272 ], "texture": "#tt_elf" },
				"north": { "uv": [ 10.18182, 8.242424, 5.818182, 8.727272 ], "texture": "#tt_elf" },
				"south": { "uv": [ 5.818182, 8.242424, 10.18182, 8.727272 ], "texture": "#tt_elf" },
				"west": { "uv": [ 5.818182, 8.242424, 6.30303, 8.727272 ], "texture": "#tt_elf", "rotation": 270 },
				"east": { "uv": [ 10.18182, 8.727272, 9.69697, 8.242424 ], "texture": "#tt_elf", "rotation": 270 }
			}
		},
		{
			"__comment": "Box35",
			"from": [ 5.8182, 8, 10.1818 ],
			"to": [ 7.272745, 9, 11.1515 ],
			"faces": {
				"down": { "uv": [ 5.818182, 11.15152, 7.272727, 10.18182 ], "texture": "#tt_elf" },
				"up": { "uv": [ 5.818182, 10.18182, 7.272727, 11.15152 ], "texture": "#tt_elf" },
				"north": { "uv": [ 7.272727, 10.18182, 5.818182, 10.66667 ], "texture": "#tt_elf" },
				"south": { "uv": [ 5.818182, 10.66667, 7.272727, 11.15152 ], "texture": "#tt_elf" },
				"west": { "uv": [ 5.818182, 10.18182, 6.30303, 11.15152 ], "texture": "#tt_elf", "rotation": 270 },
				"east": { "uv": [ 7.272727, 11.15152, 6.787879, 10.18182 ], "texture": "#tt_elf", "rotation": 270 }
			}
		},
		{
			"__comment": "Box36",
			"from": [ 5.8182, 8, 11.6364 ],
			"to": [ 7.272745, 9, 12.6061 ],
			"faces": {
				"down": { "uv": [ 5.818182, 12.60606, 7.272727, 11.63636 ], "texture": "#tt_elf" },
				"up": { "uv": [ 5.818182, 11.63636, 7.272727, 12.60606 ], "texture": "#tt_elf" },
				"north": { "uv": [ 7.272727, 11.63636, 5.818182, 12.12121 ], "texture": "#tt_elf" },
				"south": { "uv": [ 5.818182, 12.12121, 7.272727, 12.60606 ], "texture": "#tt_elf" },
				"west": { "uv": [ 5.818182, 11.63636, 6.30303, 12.60606 ], "texture": "#tt_elf", "rotation": 270 },
				"east": { "uv": [ 7.272727, 12.60606, 6.787879, 11.63636 ], "texture": "#tt_elf", "rotation": 270 }
			}
		},
		{
			"__comment": "Box37",
			"from": [ 6.303, 8, 5.8182 ],
			"to": [ 7.757545, 9, 6.303048 ],
			"faces": {
				"down": { "uv": [ 6.30303, 6.30303, 7.757576, 5.818182 ], "texture": "#tt_elf" },
				"up": { "uv": [ 6.30303, 5.818182, 7.757576, 6.30303 ], "texture": "#tt_elf" },
				"north": { "uv": [ 7.757576, 5.818182, 6.30303, 6.30303 ], "texture": "#tt_elf" },
				"south": { "uv": [ 6.30303, 5.818182, 7.757576, 6.30303 ], "texture": "#tt_elf" },
				"west": { "uv": [ 6.30303, 5.818182, 6.787879, 6.30303 ], "texture": "#tt_elf", "rotation": 270 },
				"east": { "uv": [ 7.757576, 6.30303, 7.272727, 5.818182 ], "texture": "#tt_elf", "rotation": 270 }
			}
		},
		{
			"__comment": "Box38",
			"from": [ 6.303, 8, 9.697 ],
			"to": [ 7.757545, 9, 10.18185 ],
			"faces": {
				"down": { "uv": [ 6.30303, 10.18182, 7.757576, 9.69697 ], "texture": "#tt_elf" },
				"up": { "uv": [ 6.30303, 9.69697, 7.757576, 10.18182 ], "texture": "#tt_elf" },
				"north": { "uv": [ 7.757576, 9.69697, 6.30303, 10.18182 ], "texture": "#tt_elf" },
				"south": { "uv": [ 6.30303, 9.69697, 7.757576, 10.18182 ], "texture": "#tt_elf" },
				"west": { "uv": [ 6.30303, 9.69697, 6.787879, 10.18182 ], "texture": "#tt_elf", "rotation": 270 },
				"east": { "uv": [ 7.757576, 10.18182, 7.272727, 9.69697 ], "texture": "#tt_elf", "rotation": 270 }
			}
		},
		{
			"__comment": "Box39",
			"from": [ 6.7879, 8, 1.4545 ],
			"to": [ 9.212143, 9, 1.939348 ],
			"faces": {
				"down": { "uv": [ 6.787879, 1.939394, 9.212121, 1.454545 ], "texture": "#tt_elf" },
				"up": { "uv": [ 6.787879, 1.454545, 9.212121, 1.939394 ], "texture": "#tt_elf" },
				"north": { "uv": [ 9.212121, 1.454545, 6.787879, 1.939394 ], "texture": "#tt_elf" },
				"south": { "uv": [ 6.787879, 1.454546, 9.212121, 1.939394 ], "texture": "#tt_elf" },
				"west": { "uv": [ 6.787879, 1.454545, 7.272727, 1.939394 ], "texture": "#tt_elf", "rotation": 270 },
				"east": { "uv": [ 9.212121, 1.939394, 8.727272, 1.454545 ], "texture": "#tt_elf", "rotation": 270 }
			}
		},
		{
			"__comment": "Box40",
			"from": [ 6.7879, 8, 7.7576 ],
			"to": [ 9.212143, 9, 8.242449 ],
			"faces": {
				"down": { "uv": [ 6.787879, 8.242424, 9.212121, 7.757576 ], "texture": "#tt_elf" },
				"up": { "uv": [ 6.787879, 7.757576, 9.212121, 8.242424 ], "texture": "#tt_elf" },
				"north": { "uv": [ 9.212121, 7.757576, 6.787879, 8.242424 ], "texture": "#tt_elf" },
				"south": { "uv": [ 6.787879, 7.757576, 9.212121, 8.242424 ], "texture": "#tt_elf" },
				"west": { "uv": [ 6.787879, 7.757576, 7.272727, 8.242424 ], "texture": "#tt_elf", "rotation": 270 },
				"east": { "uv": [ 9.212121, 8.242424, 8.727272, 7.757576 ], "texture": "#tt_elf", "rotation": 270 }
			}
		},
		{
			"__comment": "Box41",
			"from": [ 6.7879, 8, 14.0606 ],
			"to": [ 9.212143, 9, 14.54545 ],
			"faces": {
				"down": { "uv": [ 6.787879, 14.54545, 9.212121, 14.06061 ], "texture": "#tt_elf" },
				"up": { "uv": [ 6.787879, 14.06061, 9.212121, 14.54545 ], "texture": "#tt_elf" },
				"north": { "uv": [ 9.212121, 14.06061, 6.787879, 14.54545 ], "texture": "#tt_elf" },
				"south": { "uv": [ 6.787879, 14.06061, 9.212121, 14.54545 ], "texture": "#tt_elf" },
				"west": { "uv": [ 6.787879, 14.06061, 7.272727, 14.54545 ], "texture": "#tt_elf", "rotation": 270 },
				"east": { "uv": [ 9.212121, 14.54545, 8.727272, 14.06061 ], "texture": "#tt_elf", "rotation": 270 }
			}
		},
		{
			"__comment": "Box42",
			"from": [ 7.2727, 8, 0.9697 ],
			"to": [ 8.727245, 9, 1.454548 ],
			"faces": {
				"down": { "uv": [ 7.272727, 1.454545, 8.727273, 0.969697 ], "texture": "#tt_elf" },
				"up": { "uv": [ 7.272727, 0.969697, 8.727273, 1.454545 ], "texture": "#tt_elf" },
				"north": { "uv": [ 8.727273, 0.969697, 7.272727, 1.454546 ], "texture": "#tt_elf" },
				"south": { "uv": [ 7.272727, 0.969696, 8.727273, 1.454545 ], "texture": "#tt_elf" },
				"west": { "uv": [ 7.272727, 0.969697, 7.757576, 1.454545 ], "texture": "#tt_elf", "rotation": 270 },
				"east": { "uv": [ 8.727273, 1.454545, 8.242424, 0.969697 ], "texture": "#tt_elf", "rotation": 270 }
			}
		},
		{
			"__comment": "Box43",
			"from": [ 7.2727, 8, 14.5455 ],
			"to": [ 8.727245, 9, 15.03035 ],
			"faces": {
				"down": { "uv": [ 7.272727, 15.0303, 8.727273, 14.54545 ], "texture": "#tt_elf" },
				"up": { "uv": [ 7.272727, 14.54545, 8.727273, 15.0303 ], "texture": "#tt_elf" },
				"north": { "uv": [ 8.727273, 14.54545, 7.272727, 15.0303 ], "texture": "#tt_elf" },
				"south": { "uv": [ 7.272727, 14.54545, 8.727273, 15.0303 ], "texture": "#tt_elf" },
				"west": { "uv": [ 7.272727, 14.54545, 7.757576, 15.0303 ], "texture": "#tt_elf", "rotation": 270 },
				"east": { "uv": [ 8.727273, 15.0303, 8.242424, 14.54545 ], "texture": "#tt_elf", "rotation": 270 }
			}
		},
		{
			"__comment": "Box44",
			"from": [ 7.7576, 8, 0.4848 ],
			"to": [ 8.242449, 9, 0.9696485 ],
			"faces": {
				"down": { "uv": [ 7.757576, 0.969697, 8.242424, 0.484848 ], "texture": "#tt_elf" },
				"up": { "uv": [ 7.757576, 0.484848, 8.242424, 0.969697 ], "texture": "#tt_elf" },
				"north": { "uv": [ 8.242424, 0.484848, 7.757576, 0.969696 ], "texture": "#tt_elf" },
				"south": { "uv": [ 7.757576, 0.484848, 8.242424, 0.969697 ], "texture": "#tt_elf" },
				"west": { "uv": [ 7.757576, 0.484848, 8.242424, 0.969697 ], "texture": "#tt_elf", "rotation": 270 },
				"east": { "uv": [ 8.242424, 0.969697, 7.757576, 0.484848 ], "texture": "#tt_elf", "rotation": 270 }
			}
		},
		{
			"__comment": "Box45",
			"from": [ 7.7576, 8, 7.2727 ],
			"to": [ 10.18184, 9, 7.757548 ],
			"faces": {
				"down": { "uv": [ 7.757576, 7.757576, 10.18182, 7.272727 ], "texture": "#tt_elf" },
				"up": { "uv": [ 7.757576, 7.272727, 10.18182, 7.757576 ], "texture": "#tt_elf" },
				"north": { "uv": [ 10.18182, 7.272727, 7.757576, 7.757576 ], "texture": "#tt_elf" },
				"south": { "uv": [ 7.757576, 7.272728, 10.18182, 7.757576 ], "texture": "#tt_elf" },
				"west": { "uv": [ 7.757576, 7.272727, 8.242424, 7.757576 ], "texture": "#tt_elf", "rotation": 270 },
				"east": { "uv": [ 10.18182, 7.757576, 9.69697, 7.272727 ], "texture": "#tt_elf", "rotation": 270 }
			}
		},
		{
			"__comment": "Box46",
			"from": [ 7.7576, 8, 15.0303 ],
			"to": [ 8.242449, 9, 15.51515 ],
			"faces": {
				"down": { "uv": [ 7.757576, 15.51515, 8.242424, 15.0303 ], "texture": "#tt_elf" },
				"up": { "uv": [ 7.757576, 15.0303, 8.242424, 15.51515 ], "texture": "#tt_elf" },
				"north": { "uv": [ 8.242424, 15.0303, 7.757576, 15.51515 ], "texture": "#tt_elf" },
				"south": { "uv": [ 7.757576, 15.0303, 8.242424, 15.51515 ], "texture": "#tt_elf" },
				"west": { "uv": [ 7.757576, 15.0303, 8.242424, 15.51515 ], "texture": "#tt_elf", "rotation": 270 },
				"east": { "uv": [ 8.242424, 15.51515, 7.757576, 15.0303 ], "texture": "#tt_elf", "rotation": 270 }
			}
		},
		{
			"__comment": "Box47",
			"from": [ 8.2424, 8, 2.4242 ],
			"to": [ 13.09089, 9, 2.909048 ],
			"faces": {
				"down": { "uv": [ 8.242424, 2.909091, 13.09091, 2.424242 ], "texture": "#tt_elf" },
				"up": { "uv": [ 8.242424, 2.424242, 13.09091, 2.909091 ], "texture": "#tt_elf" },
				"north": { "uv": [ 13.09091, 2.424242, 8.242424, 2.90909 ], "texture": "#tt_elf" },
				"south": { "uv": [ 8.242424, 2.424242, 13.09091, 2.909091 ], "texture": "#tt_elf" },
				"west": { "uv": [ 8.242424, 2.424242, 8.727272, 2.909091 ], "texture": "#tt_elf", "rotation": 270 },
				"east": { "uv": [ 13.09091, 2.909091, 12.60606, 2.424242 ], "texture": "#tt_elf", "rotation": 270 }
			}
		},
		{
			"__comment": "Box48",
			"from": [ 8.2424, 8, 2.9091 ],
			"to": [ 12.12119, 9, 3.393948 ],
			"faces": {
				"down": { "uv": [ 8.242424, 3.393939, 12.12121, 2.909091 ], "texture": "#tt_elf" },
				"up": { "uv": [ 8.242424, 2.909091, 12.12121, 3.393939 ], "texture": "#tt_elf" },
				"north": { "uv": [ 12.12121, 2.909091, 8.242424, 3.39394 ], "texture": "#tt_elf" },
				"south": { "uv": [ 8.242424, 2.90909, 12.12121, 3.393939 ], "texture": "#tt_elf" },
				"west": { "uv": [ 8.242424, 2.909091, 8.727272, 3.393939 ], "texture": "#tt_elf", "rotation": 270 },
				"east": { "uv": [ 12.12121, 3.393939, 11.63636, 2.909091 ], "texture": "#tt_elf", "rotation": 270 }
			}
		},
		{
			"__comment": "Box49",
			"from": [ 8.2424, 8, 5.8182 ],
			"to": [ 9.696945, 9, 6.787897 ],
			"faces": {
				"down": { "uv": [ 8.242424, 6.787879, 9.69697, 5.818182 ], "texture": "#tt_elf" },
				"up": { "uv": [ 8.242424, 5.818182, 9.69697, 6.787879 ], "texture": "#tt_elf" },
				"north": { "uv": [ 9.69697, 5.818182, 8.242424, 6.30303 ], "texture": "#tt_elf" },
				"south": { "uv": [ 8.242424, 6.30303, 9.69697, 6.787879 ], "texture": "#tt_elf" },
				"west": { "uv": [ 8.242424, 5.818182, 8.727272, 6.787879 ], "texture": "#tt_elf", "rotation": 270 },
				"east": { "uv": [ 9.69697, 6.787879, 9.212122, 5.818182 ], "texture": "#tt_elf", "rotation": 270 }
			}
		},
		{
			"__comment": "Box50",
			"from": [ 8.2424, 8, 9.2121 ],
			"to": [ 14.06058, 9, 9.696949 ],
			"faces": {
				"down": { "uv": [ 8.242424, 9.69697, 14.06061, 9.212121 ], "texture": "#tt_elf" },
				"up": { "uv": [ 8.242424, 9.212121, 14.06061, 9.69697 ], "texture": "#tt_elf" },
				"north": { "uv": [ 14.06061, 9.212121, 8.242424, 9.69697 ], "texture": "#tt_elf" },
				"south": { "uv": [ 8.242424, 9.212121, 14.06061, 9.69697 ], "texture": "#tt_elf" },
				"west": { "uv": [ 8.242424, 9.212121, 8.727272, 9.69697 ], "texture": "#tt_elf", "rotation": 270 },
				"east": { "uv": [ 14.06061, 9.69697, 13.57576, 9.212121 ], "texture": "#tt_elf", "rotation": 270 }
			}
		},
		{
			"__comment": "Box51",
			"from": [ 8.2424, 8, 9.697 ],
			"to": [ 9.696945, 9, 10.18185 ],
			"faces": {
				"down": { "uv": [ 8.242424, 10.18182, 9.69697, 9.69697 ], "texture": "#tt_elf" },
				"up": { "uv": [ 8.242424, 9.69697, 9.69697, 10.18182 ], "texture": "#tt_elf" },
				"north": { "uv": [ 9.69697, 9.69697, 8.242424, 10.18182 ], "texture": "#tt_elf" },
				"south": { "uv": [ 8.242424, 9.69697, 9.69697, 10.18182 ], "texture": "#tt_elf" },
				"west": { "uv": [ 8.242424, 9.69697, 8.727272, 10.18182 ], "texture": "#tt_elf", "rotation": 270 },
				"east": { "uv": [ 9.69697, 10.18182, 9.212122, 9.69697 ], "texture": "#tt_elf", "rotation": 270 }
			}
		},
		{
			"__comment": "Box52",
			"from": [ 8.2424, 8, 12.6061 ],
			"to": [ 12.12119, 9, 13.5758 ],
			"faces": {
				"down": { "uv": [ 8.242424, 13.57576, 12.12121, 12.60606 ], "texture": "#tt_elf" },
				"up": { "uv": [ 8.242424, 12.60606, 12.12121, 13.57576 ], "texture": "#tt_elf" },
				"north": { "uv": [ 12.12121, 12.60606, 8.242424, 13.09091 ], "texture": "#tt_elf" },
				"south": { "uv": [ 8.242424, 13.09091, 12.12121, 13.57576 ], "texture": "#tt_elf" },
				"west": { "uv": [ 8.242424, 12.60606, 8.727272, 13.57576 ], "texture": "#tt_elf", "rotation": 270 },
				"east": { "uv": [ 12.12121, 13.57576, 11.63636, 12.60606 ], "texture": "#tt_elf", "rotation": 270 }
			}
		},
		{
			"__comment": "Box53",
			"from": [ 8.7273, 8, 3.3939 ],
			"to": [ 10.18184, 9, 4.363597 ],
			"faces": {
				"down": { "uv": [ 8.727273, 4.363636, 10.18182, 3.393939 ], "texture": "#tt_elf" },
				"up": { "uv": [ 8.727273, 3.393939, 10.18182, 4.363636 ], "texture": "#tt_elf" },
				"north": { "uv": [ 10.18182, 3.393939, 8.727273, 3.878788 ], "texture": "#tt_elf" },
				"south": { "uv": [ 8.727273, 3.878788, 10.18182, 4.363636 ], "texture": "#tt_elf" },
				"west": { "uv": [ 8.727273, 3.393939, 9.212122, 4.363636 ], "texture": "#tt_elf", "rotation": 270 },
				"east": { "uv": [ 10.18182, 4.363636, 9.69697, 3.393939 ], "texture": "#tt_elf", "rotation": 270 }
			}
		},
		{
			"__comment": "Box54",
			"from": [ 8.7273, 8, 4.8485 ],
			"to": [ 10.18184, 9, 5.818197 ],
			"faces": {
				"down": { "uv": [ 8.727273, 5.818182, 10.18182, 4.848485 ], "texture": "#tt_elf" },
				"up": { "uv": [ 8.727273, 4.848485, 10.18182, 5.818182 ], "texture": "#tt_elf" },
				"north": { "uv": [ 10.18182, 4.848485, 8.727273, 5.333334 ], "texture": "#tt_elf" },
				"south": { "uv": [ 8.727273, 5.333334, 10.18182, 5.818182 ], "texture": "#tt_elf" },
				"west": { "uv": [ 8.727273, 4.848485, 9.212122, 5.818182 ], "texture": "#tt_elf", "rotation": 270 },
				"east": { "uv": [ 10.18182, 5.818182, 9.69697, 4.848485 ], "texture": "#tt_elf", "rotation": 270 }
			}
		},
		{
			"__comment": "Box55",
			"from": [ 8.7273, 8, 10.1818 ],
			"to": [ 10.18184, 9, 11.1515 ],
			"faces": {
				"down": { "uv": [ 8.727273, 11.15152, 10.18182, 10.18182 ], "texture": "#tt_elf" },
				"up": { "uv": [ 8.727273, 10.18182, 10.18182, 11.15152 ], "texture": "#tt_elf" },
				"north": { "uv": [ 10.18182, 10.18182, 8.727273, 10.66667 ], "texture": "#tt_elf" },
				"south": { "uv": [ 8.727273, 10.66667, 10.18182, 11.15152 ], "texture": "#tt_elf" },
				"west": { "uv": [ 8.727273, 10.18182, 9.212122, 11.15152 ], "texture": "#tt_elf", "rotation": 270 },
				"east": { "uv": [ 10.18182, 11.15152, 9.69697, 10.18182 ], "texture": "#tt_elf", "rotation": 270 }
			}
		},
		{
			"__comment": "Box56",
			"from": [ 8.7273, 8, 11.6364 ],
			"to": [ 10.18184, 9, 12.6061 ],
			"faces": {
				"down": { "uv": [ 8.727273, 12.60606, 10.18182, 11.63636 ], "texture": "#tt_elf" },
				"up": { "uv": [ 8.727273, 11.63636, 10.18182, 12.60606 ], "texture": "#tt_elf" },
				"north": { "uv": [ 10.18182, 11.63636, 8.727273, 12.12121 ], "texture": "#tt_elf" },
				"south": { "uv": [ 8.727273, 12.12121, 10.18182, 12.60606 ], "texture": "#tt_elf" },
				"west": { "uv": [ 8.727273, 11.63636, 9.212122, 12.60606 ], "texture": "#tt_elf", "rotation": 270 },
				"east": { "uv": [ 10.18182, 12.60606, 9.69697, 11.63636 ], "texture": "#tt_elf", "rotation": 270 }
			}
		},
		{
			"__comment": "Box57",
			"from": [ 9.2121, 8, 4.3636 ],
			"to": [ 10.66665, 9, 4.848448 ],
			"faces": {
				"down": { "uv": [ 9.212121, 4.848485, 10.66667, 4.363636 ], "texture": "#tt_elf" },
				"up": { "uv": [ 9.212121, 4.363636, 10.66667, 4.848485 ], "texture": "#tt_elf" },
				"north": { "uv": [ 10.66667, 4.363636, 9.212121, 4.848484 ], "texture": "#tt_elf" },
				"south": { "uv": [ 9.212121, 4.363636, 10.66667, 4.848485 ], "texture": "#tt_elf" },
				"west": { "uv": [ 9.212121, 4.363636, 9.69697, 4.848485 ], "texture": "#tt_elf", "rotation": 270 },
				"east": { "uv": [ 10.66667, 4.848485, 10.18182, 4.363636 ], "texture": "#tt_elf", "rotation": 270 }
			}
		},
		{
			"__comment": "Box58",
			"from": [ 9.2121, 8, 11.1515 ],
			"to": [ 10.66665, 9, 11.63635 ],
			"faces": {
				"down": { "uv": [ 9.212121, 11.63636, 10.66667, 11.15152 ], "texture": "#tt_elf" },
				"up": { "uv": [ 9.212121, 11.15152, 10.66667, 11.63636 ], "texture": "#tt_elf" },
				"north": { "uv": [ 10.66667, 11.15152, 9.212121, 11.63636 ], "texture": "#tt_elf" },
				"south": { "uv": [ 9.212121, 11.15152, 10.66667, 11.63636 ], "texture": "#tt_elf" },
				"west": { "uv": [ 9.212121, 11.15152, 9.69697, 11.63636 ], "texture": "#tt_elf", "rotation": 270 },
				"east": { "uv": [ 10.66667, 11.63636, 10.18182, 11.15152 ], "texture": "#tt_elf", "rotation": 270 }
			}
		},
		{
			"__comment": "Box59",
			"from": [ 9.697, 8, 6.303 ],
			"to": [ 14.06064, 9, 6.787848 ],
			"faces": {
				"down": { "uv": [ 9.69697, 6.787879, 14.06061, 6.30303 ], "texture": "#tt_elf" },
				"up": { "uv": [ 9.69697, 6.30303, 14.06061, 6.787879 ], "texture": "#tt_elf" },
				"north": { "uv": [ 14.06061, 6.30303, 9.69697, 6.787878 ], "texture": "#tt_elf" },
				"south": { "uv": [ 9.69697, 6.30303, 14.06061, 6.787879 ], "texture": "#tt_elf" },
				"west": { "uv": [ 9.69697, 6.30303, 10.18182, 6.787879 ], "texture": "#tt_elf", "rotation": 270 },
				"east": { "uv": [ 14.06061, 6.787879, 13.57576, 6.30303 ], "texture": "#tt_elf", "rotation": 270 }
			}
		},
		{
			"__comment": "Box60",
			"from": [ 10.1818, 8, 5.8182 ],
			"to": [ 14.06059, 9, 6.303048 ],
			"faces": {
				"down": { "uv": [ 10.18182, 6.30303, 14.06061, 5.818182 ], "texture": "#tt_elf" },
				"up": { "uv": [ 10.18182, 5.818182, 14.06061, 6.30303 ], "texture": "#tt_elf" },
				"north": { "uv": [ 14.06061, 5.818182, 10.18182, 6.30303 ], "texture": "#tt_elf" },
				"south": { "uv": [ 10.18182, 5.818182, 14.06061, 6.30303 ], "texture": "#tt_elf" },
				"west": { "uv": [ 10.18182, 5.818182, 10.66667, 6.30303 ], "texture": "#tt_elf", "rotation": 270 },
				"east": { "uv": [ 14.06061, 6.30303, 13.57576, 5.818182 ], "texture": "#tt_elf", "rotation": 270 }
			}
		},
		{
			"__comment": "Box61",
			"from": [ 10.1818, 8, 9.697 ],
			"to": [ 14.06059, 9, 10.18185 ],
			"faces": {
				"down": { "uv": [ 10.18182, 10.18182, 14.06061, 9.69697 ], "texture": "#tt_elf" },
				"up": { "uv": [ 10.18182, 9.69697, 14.06061, 10.18182 ], "texture": "#tt_elf" },
				"north": { "uv": [ 14.06061, 9.69697, 10.18182, 10.18182 ], "texture": "#tt_elf" },
				"south": { "uv": [ 10.18182, 9.69697, 14.06061, 10.18182 ], "texture": "#tt_elf" },
				"west": { "uv": [ 10.18182, 9.69697, 10.66667, 10.18182 ], "texture": "#tt_elf", "rotation": 270 },
				"east": { "uv": [ 14.06061, 10.18182, 13.57576, 9.69697 ], "texture": "#tt_elf", "rotation": 270 }
			}
		},
		{
			"__comment": "Box62",
			"from": [ 10.6667, 8, 3.3939 ],
			"to": [ 11.6364, 9, 3.878748 ],
			"faces": {
				"down": { "uv": [ 10.66667, 3.878788, 11.63636, 3.393939 ], "texture": "#tt_elf" },
				"up": { "uv": [ 10.66667, 3.393939, 11.63636, 3.878788 ], "texture": "#tt_elf" },
				"north": { "uv": [ 11.63636, 3.393939, 10.66667, 3.878788 ], "texture": "#tt_elf" },
				"south": { "uv": [ 10.66667, 3.39394, 11.63636, 3.878788 ], "texture": "#tt_elf" },
				"west": { "uv": [ 10.66667, 3.393939, 11.15152, 3.878788 ], "texture": "#tt_elf", "rotation": 270 },
				"east": { "uv": [ 11.63636, 3.878788, 11.15152, 3.393939 ], "texture": "#tt_elf", "rotation": 270 }
			}
		},
		{
			"__comment": "Box63",
			"from": [ 10.6667, 8, 12.1212 ],
			"to": [ 11.6364, 9, 12.60605 ],
			"faces": {
				"down": { "uv": [ 10.66667, 12.60606, 11.63636, 12.12121 ], "texture": "#tt_elf" },
				"up": { "uv": [ 10.66667, 12.12121, 11.63636, 12.60606 ], "texture": "#tt_elf" },
				"north": { "uv": [ 11.63636, 12.12121, 10.66667, 12.60606 ], "texture": "#tt_elf" },
				"south": { "uv": [ 10.66667, 12.12121, 11.63636, 12.60606 ], "texture": "#tt_elf" },
				"west": { "uv": [ 10.66667, 12.12121, 11.15152, 12.60606 ], "texture": "#tt_elf", "rotation": 270 },
				"east": { "uv": [ 11.63636, 12.60606, 11.15152, 12.12121 ], "texture": "#tt_elf", "rotation": 270 }
			}
		},
		{
			"__comment": "Box64",
			"from": [ 11.1515, 8, 5.3333 ],
			"to": [ 11.63635, 9, 5.818148 ],
			"faces": {
				"down": { "uv": [ 11.15152, 5.818182, 11.63636, 5.333333 ], "texture": "#tt_elf" },
				"up": { "uv": [ 11.15152, 5.333333, 11.63636, 5.818182 ], "texture": "#tt_elf" },
				"north": { "uv": [ 11.63636, 5.333333, 11.15152, 5.818182 ], "texture": "#tt_elf" },
				"south": { "uv": [ 11.15152, 5.333334, 11.63636, 5.818182 ], "texture": "#tt_elf" },
				"west": { "uv": [ 11.15152, 5.333333, 11.63636, 5.818182 ], "texture": "#tt_elf", "rotation": 270 },
				"east": { "uv": [ 11.63636, 5.818182, 11.15152, 5.333333 ], "texture": "#tt_elf", "rotation": 270 }
			}
		},
		{
			"__comment": "Box65",
			"from": [ 11.1515, 8, 10.1818 ],
			"to": [ 11.63635, 9, 10.66665 ],
			"faces": {
				"down": { "uv": [ 11.15152, 10.66667, 11.63636, 10.18182 ], "texture": "#tt_elf" },
				"up": { "uv": [ 11.15152, 10.18182, 11.63636, 10.66667 ], "texture": "#tt_elf" },
				"north": { "uv": [ 11.63636, 10.18182, 11.15152, 10.66667 ], "texture": "#tt_elf" },
				"south": { "uv": [ 11.15152, 10.18182, 11.63636, 10.66667 ], "texture": "#tt_elf" },
				"west": { "uv": [ 11.15152, 10.18182, 11.63636, 10.66667 ], "texture": "#tt_elf", "rotation": 270 },
				"east": { "uv": [ 11.63636, 10.66667, 11.15152, 10.18182 ], "texture": "#tt_elf", "rotation": 270 }
			}
		},
		{
			"__comment": "Box66",
			"from": [ 11.6364, 8, 6.7879 ],
			"to": [ 14.54549, 9, 7.272748 ],
			"faces": {
				"down": { "uv": [ 11.63636, 7.272727, 14.54545, 6.787879 ], "texture": "#tt_elf" },
				"up": { "uv": [ 11.63636, 6.787879, 14.54545, 7.272727 ], "texture": "#tt_elf" },
				"north": { "uv": [ 14.54545, 6.787879, 11.63636, 7.272728 ], "texture": "#tt_elf" },
				"south": { "uv": [ 11.63636, 6.787878, 14.54545, 7.272727 ], "texture": "#tt_elf" },
				"west": { "uv": [ 11.63636, 6.787879, 12.12121, 7.272727 ], "texture": "#tt_elf", "rotation": 270 },
				"east": { "uv": [ 14.54545, 7.272727, 14.06061, 6.787879 ], "texture": "#tt_elf", "rotation": 270 }
			}
		},
		{
			"__comment": "Box67",
			"from": [ 11.6364, 8, 8.7273 ],
			"to": [ 14.54549, 9, 9.212149 ],
			"faces": {
				"down": { "uv": [ 11.63636, 9.212121, 14.54545, 8.727272 ], "texture": "#tt_elf" },
				"up": { "uv": [ 11.63636, 8.727272, 14.54545, 9.212121 ], "texture": "#tt_elf" },
				"north": { "uv": [ 14.54545, 8.727272, 11.63636, 9.212121 ], "texture": "#tt_elf" },
				"south": { "uv": [ 11.63636, 8.727272, 14.54545, 9.212121 ], "texture": "#tt_elf" },
				"west": { "uv": [ 11.63636, 8.727272, 12.12121, 9.212121 ], "texture": "#tt_elf", "rotation": 270 },
				"east": { "uv": [ 14.54545, 9.212121, 14.06061, 8.727272 ], "texture": "#tt_elf", "rotation": 270 }
			}
		},
		{
			"__comment": "Box68",
			"from": [ 12.1212, 8, 4.3636 ],
			"to": [ 14.06059, 9, 5.333297 ],
			"faces": {
				"down": { "uv": [ 12.12121, 5.333333, 14.06061, 4.363636 ], "texture": "#tt_elf" },
				"up": { "uv": [ 12.12121, 4.363636, 14.06061, 5.333333 ], "texture": "#tt_elf" },
				"north": { "uv": [ 14.06061, 4.363636, 12.12121, 4.848484 ], "texture": "#tt_elf" },
				"south": { "uv": [ 12.12121, 4.848484, 14.06061, 5.333333 ], "texture": "#tt_elf" },
				"west": { "uv": [ 12.12121, 4.363636, 12.60606, 5.333333 ], "texture": "#tt_elf", "rotation": 270 },
				"east": { "uv": [ 14.06061, 5.333333, 13.57576, 4.363636 ], "texture": "#tt_elf", "rotation": 270 }
			}
		},
		{
			"__comment": "Box69",
			"from": [ 12.1212, 8, 10.6667 ],
			"to": [ 14.06059, 9, 11.6364 ],
			"faces": {
				"down": { "uv": [ 12.12121, 11.63636, 14.06061, 10.66667 ], "texture": "#tt_elf" },
				"up": { "uv": [ 12.12121, 10.66667, 14.06061, 11.63636 ], "texture": "#tt_elf" },
				"north": { "uv": [ 14.06061, 10.66667, 12.12121, 11.15152 ], "texture": "#tt_elf" },
				"south": { "uv": [ 12.12121, 11.15152, 14.06061, 11.63636 ], "texture": "#tt_elf" },
				"west": { "uv": [ 12.12121, 10.66667, 12.60606, 11.63636 ], "texture": "#tt_elf", "rotation": 270 },
				"east": { "uv": [ 14.06061, 11.63636, 13.57576, 10.66667 ], "texture": "#tt_elf", "rotation": 270 }
			}
		},
		{
			"__comment": "Box70",
			"from": [ 12.1212, 8, 13.0909 ],
			"to": [ 13.0909, 9, 13.57575 ],
			"faces": {
				"down": { "uv": [ 12.12121, 13.57576, 13.09091, 13.09091 ], "texture": "#tt_elf" },
				"up": { "uv": [ 12.12121, 13.09091, 13.09091, 13.57576 ], "texture": "#tt_elf" },
				"north": { "uv": [ 13.09091, 13.09091, 12.12121, 13.57576 ], "texture": "#tt_elf" },
				"south": { "uv": [ 12.12121, 13.09091, 13.09091, 13.57576 ], "texture": "#tt_elf" },
				"west": { "uv": [ 12.12121, 13.09091, 12.60606, 13.57576 ], "texture": "#tt_elf", "rotation": 270 },
				"east": { "uv": [ 13.09091, 13.57576, 12.60606, 13.09091 ], "texture": "#tt_elf", "rotation": 270 }
			}
		},
		{
			"__comment": "Box71",
			"from": [ 12.6061, 8, 3.8788 ],
			"to": [ 14.06065, 9, 5.818194 ],
			"faces": {
				"down": { "uv": [ 12.60606, 5.818182, 14.06061, 3.878788 ], "texture": "#tt_elf" },
				"up": { "uv": [ 12.60606, 3.878788, 14.06061, 5.818182 ], "texture": "#tt_elf" },
				"north": { "uv": [ 14.06061, 3.878788, 12.60606, 4.363636 ], "texture": "#tt_elf" },
				"south": { "uv": [ 12.60606, 5.333334, 14.06061, 5.818182 ], "texture": "#tt_elf" },
				"west": { "uv": [ 12.60606, 3.878788, 13.09091, 5.818182 ], "texture": "#tt_elf", "rotation": 270 },
				"east": { "uv": [ 14.06061, 5.818182, 13.57576, 3.878788 ], "texture": "#tt_elf", "rotation": 270 }
			}
		},
		{
			"__comment": "Box72",
			"from": [ 12.6061, 8, 8.2424 ],
			"to": [ 15.03034, 9, 8.727249 ],
			"faces": {
				"down": { "uv": [ 12.60606, 8.727272, 15.0303, 8.242424 ], "texture": "#tt_elf" },
				"up": { "uv": [ 12.60606, 8.242424, 15.0303, 8.727272 ], "texture": "#tt_elf" },
				"north": { "uv": [ 15.0303, 8.242424, 12.60606, 8.727272 ], "texture": "#tt_elf" },
				"south": { "uv": [ 12.60606, 8.242424, 15.0303, 8.727272 ], "texture": "#tt_elf" },
				"west": { "uv": [ 12.60606, 8.242424, 13.09091, 8.727272 ], "texture": "#tt_elf", "rotation": 270 },
				"east": { "uv": [ 15.0303, 8.727272, 14.54545, 8.242424 ], "texture": "#tt_elf", "rotation": 270 }
			}
		},
		{
			"__comment": "Box73",
			"from": [ 12.6061, 8, 10.1818 ],
			"to": [ 14.06065, 9, 12.12119 ],
			"faces": {
				"down": { "uv": [ 12.60606, 12.12121, 14.06061, 10.18182 ], "texture": "#tt_elf" },
				"up": { "uv": [ 12.60606, 10.18182, 14.06061, 12.12121 ], "texture": "#tt_elf" },
				"north": { "uv": [ 14.06061, 10.18182, 12.60606, 10.66667 ], "texture": "#tt_elf" },
				"south": { "uv": [ 12.60606, 11.63636, 14.06061, 12.12121 ], "texture": "#tt_elf" },
				"west": { "uv": [ 12.60606, 10.18182, 13.09091, 12.12121 ], "texture": "#tt_elf", "rotation": 270 },
				"east": { "uv": [ 14.06061, 12.12121, 13.57576, 10.18182 ], "texture": "#tt_elf", "rotation": 270 }
			}
		},
		{
			"__comment": "Box74",
			"from": [ 13.0909, 8, 2.9091 ],
			"to": [ 13.57575, 9, 7.757585 ],
			"faces": {
				"down": { "uv": [ 13.09091, 7.757576, 13.57576, 2.909091 ], "texture": "#tt_elf" },
				"up": { "uv": [ 13.09091, 2.909091, 13.57576, 7.757576 ], "texture": "#tt_elf" },
				"north": { "uv": [ 13.57576, 2.909091, 13.09091, 3.39394 ], "texture": "#tt_elf" },
				"south": { "uv": [ 13.09091, 7.272728, 13.57576, 7.757576 ], "texture": "#tt_elf" },
				"west": { "uv": [ 13.09091, 2.909091, 13.57576, 7.757576 ], "texture": "#tt_elf", "rotation": 270 },
				"east": { "uv": [ 13.57576, 7.757576, 13.09091, 2.909091 ], "texture": "#tt_elf", "rotation": 270 }
			}
		},
		{
			"__comment": "Box75",
			"from": [ 13.0909, 8, 12.1212 ],
			"to": [ 14.0606, 9, 12.60605 ],
			"faces": {
				"down": { "uv": [ 13.09091, 12.60606, 14.06061, 12.12121 ], "texture": "#tt_elf" },
				"up": { "uv": [ 13.09091, 12.12121, 14.06061, 12.60606 ], "texture": "#tt_elf" },
				"north": { "uv": [ 14.06061, 12.12121, 13.09091, 12.60606 ], "texture": "#tt_elf" },
				"south": { "uv": [ 13.09091, 12.12121, 14.06061, 12.60606 ], "texture": "#tt_elf" },
				"west": { "uv": [ 13.09091, 12.12121, 13.57576, 12.60606 ], "texture": "#tt_elf", "rotation": 270 },
				"east": { "uv": [ 14.06061, 12.60606, 13.57576, 12.12121 ], "texture": "#tt_elf", "rotation": 270 }
			}
		},
		{
			"__comment": "Box76",
			"from": [ 13.0909, 8, 12.6061 ],
			"to": [ 13.57575, 9, 13.09095 ],
			"faces": {
				"down": { "uv": [ 13.09091, 13.09091, 13.57576, 12.60606 ], "texture": "#tt_elf" },
				"up": { "uv": [ 13.09091, 12.60606, 13.57576, 13.09091 ], "texture": "#tt_elf" },
				"north": { "uv": [ 13.57576, 12.60606, 13.09091, 13.09091 ], "texture": "#tt_elf" },
				"south": { "uv": [ 13.09091, 12.60606, 13.57576, 13.09091 ], "texture": "#tt_elf" },
				"west": { "uv": [ 13.09091, 12.60606, 13.57576, 13.09091 ], "texture": "#tt_elf", "rotation": 270 },
				"east": { "uv": [ 13.57576, 13.09091, 13.09091, 12.60606 ], "texture": "#tt_elf", "rotation": 270 }
			}
		},
		{
			"__comment": "Box77",
			"from": [ 13.5758, 8, 3.3939 ],
			"to": [ 14.06065, 9, 8.242385 ],
			"faces": {
				"down": { "uv": [ 13.57576, 8.242424, 14.06061, 3.393939 ], "texture": "#tt_elf" },
				"up": { "uv": [ 13.57576, 3.393939, 14.06061, 8.242424 ], "texture": "#tt_elf" },
				"north": { "uv": [ 14.06061, 3.393939, 13.57576, 3.878788 ], "texture": "#tt_elf" },
				"south": { "uv": [ 13.57576, 7.757576, 14.06061, 8.242424 ], "texture": "#tt_elf" },
				"west": { "uv": [ 13.57576, 3.393939, 14.06061, 8.242424 ], "texture": "#tt_elf", "rotation": 270 },
				"east": { "uv": [ 14.06061, 8.242424, 13.57576, 3.393939 ], "texture": "#tt_elf", "rotation": 270 }
			}
		},
		{
			"__comment": "Box78",
			"from": [ 14.0606, 8, 7.2727 ],
			"to": [ 15.0303, 9, 8.242397 ],
			"faces": {
				"down": { "uv": [ 14.06061, 8.242424, 15.0303, 7.272727 ], "texture": "#tt_elf" },
				"up": { "uv": [ 14.06061, 7.272727, 15.0303, 8.242424 ], "texture": "#tt_elf" },
				"north": { "uv": [ 15.0303, 7.272727, 14.06061, 7.757576 ], "texture": "#tt_elf" },
				"south": { "uv": [ 14.06061, 7.757576, 15.0303, 8.242424 ], "texture": "#tt_elf" },
				"west": { "uv": [ 14.06061, 7.272727, 14.54545, 8.242424 ], "texture": "#tt_elf", "rotation": 270 },
				"east": { "uv": [ 15.0303, 8.242424, 14.54545, 7.272727 ], "texture": "#tt_elf", "rotation": 270 }
			}
		},
		{
			"__comment": "Box79",
			"from": [ 15.0303, 8, 7.7576 ],
			"to": [ 15.51515, 9, 8.242449 ],
			"faces": {
				"down": { "uv": [ 15.0303, 8.242424, 15.51515, 7.757576 ], "texture": "#tt_elf" },
				"up": { "uv": [ 15.0303, 7.757576, 15.51515, 8.242424 ], "texture": "#tt_elf" },
				"north": { "uv": [ 15.51515, 7.757576, 15.0303, 8.242424 ], "texture": "#tt_elf" },
				"south": { "uv": [ 15.0303, 7.757576, 15.51515, 8.242424 ], "texture": "#tt_elf" },
				"west": { "uv": [ 15.0303, 7.757576, 15.51515, 8.242424 ], "texture": "#tt_elf", "rotation": 270 },
				"east": { "uv": [ 15.51515, 8.242424, 15.0303, 7.757576 ], "texture": "#tt_elf", "rotation": 270 }
			}
		}
	],
	"display": {
		"thirdperson_righthand": {
			"rotation":  [ -34, 180, 35 ],
			"translation":  [ 0.6956, -0.695, 0.6956 ],
			"scale":  [ 0.5, 1, 0.5 ]
		},
		"thirdperson_lefthand": {
			"rotation":  [ -34, 180, 35 ],
			"translation":  [ 0.6956, -0.695, 0.6956 ],
			"scale":  [ 0.5, 1, 0.5 ]
		},
		"firstperson_righthand": {
			"rotation":  [ 61, 0, 66 ],
			"translation":  [ 3.4782, 0.6956, 0 ],
			"scale":  [ 0.8, 1, 0.8 ]
		},
		"firstperson_lefthand": {
			"rotation":  [ 61, 0, 66 ],
			"translation":  [ 3.4782, 0.6956, 0 ],
			"scale":  [ 0.8, 1, 0.8 ]
		},
		"gui": {
			"rotation":  [ 100, 0, 17 ]
		},
		"head": {
			"rotation":  [ 104, 0, 0 ],
			"translation":  [ 0, 3.4782, 11.13 ],
			"scale":  [ 2, 2, 2 ]
		},
		"ground": {
			"rotation":  [ 56, 0, 0 ],
			"translation":  [ 0, 8.3478, 0 ],
			"scale":  [ 1, 1.5, 1 ]
		},
		"fixed": {
			"rotation":  [ 90, 0, 180 ],
			"translation":  [ 0, 80, 20 ],
			"scale":  [ 3, 3, 3 ]
		}
	}
}