{
	"__comment": "Designed by Zeibo with Cubik Studio - https://cubik.studio",
	"textures": {
		"tt_man": "icons/tt_man"
	},
	"elements": [ 	 
		{
			"__comment": "Box1",
			"from": [ 0, 8, 3.3939 ],
			"to": [ 1.939394, 9, 3.878748 ],
			"faces": {
				"down": { "uv": [ 0, 3.878788, 1.939394, 3.393939 ], "texture": "#tt_man" },
				"up": { "uv": [ 0, 3.393939, 1.939394, 3.878788 ], "texture": "#tt_man" },
				"north": { "uv": [ 1.939394, 3.393939, 0, 3.878788 ], "texture": "#tt_man" },
				"south": { "uv": [ 0, 3.39394, 1.939394, 3.878788 ], "texture": "#tt_man" },
				"west": { "uv": [ 0, 3.393939, 0.4848485, 3.878788 ], "texture": "#tt_man", "rotation": 270 },
				"east": { "uv": [ 1.939394, 3.878788, 1.454545, 3.393939 ], "texture": "#tt_man", "rotation": 270 }
			}
		},
		{
			"__comment": "Box2",
			"from": [ 0, 8, 7.2727 ],
			"to": [ 1.454545, 9, 8.727245 ],
			"faces": {
				"down": { "uv": [ 0, 8.727272, 1.454545, 7.272727 ], "texture": "#tt_man" },
				"up": { "uv": [ 0, 7.272727, 1.454545, 8.727272 ], "texture": "#tt_man" },
				"north": { "uv": [ 1.454545, 7.272727, 0, 7.757576 ], "texture": "#tt_man" },
				"south": { "uv": [ 0, 8.242424, 1.454545, 8.727272 ], "texture": "#tt_man" },
				"west": { "uv": [ 0, 7.272727, 0.4848485, 8.727272 ], "texture": "#tt_man", "rotation": 270 },
				"east": { "uv": [ 1.454545, 8.727272, 0.969697, 7.272727 ], "texture": "#tt_man", "rotation": 270 }
			}
		},
		{
			"__comment": "Box3",
			"from": [ 0, 8, 12.1212 ],
			"to": [ 1.939394, 9, 12.60605 ],
			"faces": {
				"down": { "uv": [ 0, 12.60606, 1.939394, 12.12121 ], "texture": "#tt_man" },
				"up": { "uv": [ 0, 12.12121, 1.939394, 12.60606 ], "texture": "#tt_man" },
				"north": { "uv": [ 1.939394, 12.12121, 0, 12.60606 ], "texture": "#tt_man" },
				"south": { "uv": [ 0, 12.12121, 1.939394, 12.60606 ], "texture": "#tt_man" },
				"west": { "uv": [ 0, 12.12121, 0.4848485, 12.60606 ], "texture": "#tt_man", "rotation": 270 },
				"east": { "uv": [ 1.939394, 12.60606, 1.454545, 12.12121 ], "texture": "#tt_man", "rotation": 270 }
			}
		},
		{
			"__comment": "Box4",
			"from": [ 0.4848, 8, 2.9091 ],
			"to": [ 1.939345, 9, 4.363646 ],
			"faces": {
				"down": { "uv": [ 0.4848485, 4.363636, 1.939394, 2.909091 ], "texture": "#tt_man" },
				"up": { "uv": [ 0.4848485, 2.909091, 1.939394, 4.363636 ], "texture": "#tt_man" },
				"north": { "uv": [ 1.939394, 2.909091, 0.4848485, 3.39394 ], "texture": "#tt_man" },
				"south": { "uv": [ 0.4848485, 3.878788, 1.939394, 4.363636 ], "texture": "#tt_man" },
				"west": { "uv": [ 0.4848485, 2.909091, 0.969697, 4.363636 ], "texture": "#tt_man", "rotation": 270 },
				"east": { "uv": [ 1.939394, 4.363636, 1.454545, 2.909091 ], "texture": "#tt_man", "rotation": 270 }
			}
		},
		{
			"__comment": "Box5",
			"from": [ 0.4848, 8, 6.7879 ],
			"to": [ 3.393891, 9, 7.272748 ],
			"faces": {
				"down": { "uv": [ 0.4848485, 7.272727, 3.393939, 6.787879 ], "texture": "#tt_man" },
				"up": { "uv": [ 0.4848485, 6.787879, 3.393939, 7.272727 ], "texture": "#tt_man" },
				"north": { "uv": [ 3.393939, 6.787879, 0.4848485, 7.272728 ], "texture": "#tt_man" },
				"south": { "uv": [ 0.4848485, 6.787878, 3.393939, 7.272727 ], "texture": "#tt_man" },
				"west": { "uv": [ 0.4848485, 6.787879, 0.969697, 7.272727 ], "texture": "#tt_man", "rotation": 270 },
				"east": { "uv": [ 3.393939, 7.272727, 2.909091, 6.787879 ], "texture": "#tt_man", "rotation": 270 }
			}
		},
		{
			"__comment": "Box6",
			"from": [ 0.4848, 8, 8.7273 ],
			"to": [ 3.393891, 9, 9.212149 ],
			"faces": {
				"down": { "uv": [ 0.4848485, 9.212121, 3.393939, 8.727272 ], "texture": "#tt_man" },
				"up": { "uv": [ 0.4848485, 8.727272, 3.393939, 9.212121 ], "texture": "#tt_man" },
				"north": { "uv": [ 3.393939, 8.727272, 0.4848485, 9.212121 ], "texture": "#tt_man" },
				"south": { "uv": [ 0.4848485, 8.727272, 3.393939, 9.212121 ], "texture": "#tt_man" },
				"west": { "uv": [ 0.4848485, 8.727272, 0.969697, 9.212121 ], "texture": "#tt_man", "rotation": 270 },
				"east": { "uv": [ 3.393939, 9.212121, 2.909091, 8.727272 ], "texture": "#tt_man", "rotation": 270 }
			}
		},
		{
			"__comment": "Box7",
			"from": [ 0.4848, 8, 11.6364 ],
			"to": [ 2.424194, 9, 12.12125 ],
			"faces": {
				"down": { "uv": [ 0.4848485, 12.12121, 2.424242, 11.63636 ], "texture": "#tt_man" },
				"up": { "uv": [ 0.4848485, 11.63636, 2.424242, 12.12121 ], "texture": "#tt_man" },
				"north": { "uv": [ 2.424242, 11.63636, 0.4848485, 12.12121 ], "texture": "#tt_man" },
				"south": { "uv": [ 0.4848485, 11.63636, 2.424242, 12.12121 ], "texture": "#tt_man" },
				"west": { "uv": [ 0.4848485, 11.63636, 0.969697, 12.12121 ], "texture": "#tt_man", "rotation": 270 },
				"east": { "uv": [ 2.424242, 12.12121, 1.939394, 11.63636 ], "texture": "#tt_man", "rotation": 270 }
			}
		},
		{
			"__comment": "Box8",
			"from": [ 0.4848, 8, 12.6061 ],
			"to": [ 1.939345, 9, 13.09095 ],
			"faces": {
				"down": { "uv": [ 0.4848485, 13.09091, 1.939394, 12.60606 ], "texture": "#tt_man" },
				"up": { "uv": [ 0.4848485, 12.60606, 1.939394, 13.09091 ], "texture": "#tt_man" },
				"north": { "uv": [ 1.939394, 12.60606, 0.4848485, 13.09091 ], "texture": "#tt_man" },
				"south": { "uv": [ 0.4848485, 12.60606, 1.939394, 13.09091 ], "texture": "#tt_man" },
				"west": { "uv": [ 0.4848485, 12.60606, 0.969697, 13.09091 ], "texture": "#tt_man", "rotation": 270 },
				"east": { "uv": [ 1.939394, 13.09091, 1.454545, 12.60606 ], "texture": "#tt_man", "rotation": 270 }
			}
		},
		{
			"__comment": "Box9",
			"from": [ 0.9697, 8, 2.4242 ],
			"to": [ 2.424245, 9, 2.909048 ],
			"faces": {
				"down": { "uv": [ 0.969697, 2.909091, 2.424242, 2.424242 ], "texture": "#tt_man" },
				"up": { "uv": [ 0.969697, 2.424242, 2.424242, 2.909091 ], "texture": "#tt_man" },
				"north": { "uv": [ 2.424242, 2.424242, 0.969697, 2.90909 ], "texture": "#tt_man" },
				"south": { "uv": [ 0.969697, 2.424242, 2.424242, 2.909091 ], "texture": "#tt_man" },
				"west": { "uv": [ 0.969697, 2.424242, 1.454545, 2.909091 ], "texture": "#tt_man", "rotation": 270 },
				"east": { "uv": [ 2.424242, 2.909091, 1.939394, 2.424242 ], "texture": "#tt_man", "rotation": 270 }
			}
		},
		{
			"__comment": "Box10",
			"from": [ 0.9697, 8, 4.3636 ],
			"to": [ 2.424245, 9, 6.787842 ],
			"faces": {
				"down": { "uv": [ 0.969697, 6.787879, 2.424242, 4.363636 ], "texture": "#tt_man" },
				"up": { "uv": [ 0.969697, 4.363636, 2.424242, 6.787879 ], "texture": "#tt_man" },
				"north": { "uv": [ 2.424242, 4.363636, 0.969697, 4.848484 ], "texture": "#tt_man" },
				"south": { "uv": [ 0.969697, 6.30303, 2.424242, 6.787879 ], "texture": "#tt_man" },
				"west": { "uv": [ 0.969697, 4.363636, 1.454545, 6.787879 ], "texture": "#tt_man", "rotation": 270 },
				"east": { "uv": [ 2.424242, 6.787879, 1.939394, 4.363636 ], "texture": "#tt_man", "rotation": 270 }
			}
		},
		{
			"__comment": "Box11",
			"from": [ 0.9697, 8, 9.2121 ],
			"to": [ 7.757579, 9, 9.696949 ],
			"faces": {
				"down": { "uv": [ 0.969697, 9.69697, 7.757576, 9.212121 ], "texture": "#tt_man" },
				"up": { "uv": [ 0.969697, 9.212121, 7.757576, 9.69697 ], "texture": "#tt_man" },
				"north": { "uv": [ 7.757576, 9.212121, 0.969697, 9.69697 ], "texture": "#tt_man" },
				"south": { "uv": [ 0.969697, 9.212121, 7.757576, 9.69697 ], "texture": "#tt_man" },
				"west": { "uv": [ 0.969697, 9.212121, 1.454545, 9.69697 ], "texture": "#tt_man", "rotation": 270 },
				"east": { "uv": [ 7.757576, 9.69697, 7.272727, 9.212121 ], "texture": "#tt_man", "rotation": 270 }
			}
		},
		{
			"__comment": "Box12",
			"from": [ 0.9697, 8, 9.697 ],
			"to": [ 3.878791, 9, 10.6667 ],
			"faces": {
				"down": { "uv": [ 0.969697, 10.66667, 3.878788, 9.69697 ], "texture": "#tt_man" },
				"up": { "uv": [ 0.969697, 9.69697, 3.878788, 10.66667 ], "texture": "#tt_man" },
				"north": { "uv": [ 3.878788, 9.69697, 0.969697, 10.18182 ], "texture": "#tt_man" },
				"south": { "uv": [ 0.969697, 10.18182, 3.878788, 10.66667 ], "texture": "#tt_man" },
				"west": { "uv": [ 0.969697, 9.69697, 1.454545, 10.66667 ], "texture": "#tt_man", "rotation": 270 },
				"east": { "uv": [ 3.878788, 10.66667, 3.393939, 9.69697 ], "texture": "#tt_man", "rotation": 270 }
			}
		},
		{
			"__comment": "Box13",
			"from": [ 0.9697, 8, 10.6667 ],
			"to": [ 2.424245, 9, 11.6364 ],
			"faces": {
				"down": { "uv": [ 0.969697, 11.63636, 2.424242, 10.66667 ], "texture": "#tt_man" },
				"up": { "uv": [ 0.969697, 10.66667, 2.424242, 11.63636 ], "texture": "#tt_man" },
				"north": { "uv": [ 2.424242, 10.66667, 0.969697, 11.15152 ], "texture": "#tt_man" },
				"south": { "uv": [ 0.969697, 11.15152, 2.424242, 11.63636 ], "texture": "#tt_man" },
				"west": { "uv": [ 0.969697, 10.66667, 1.454545, 11.63636 ], "texture": "#tt_man", "rotation": 270 },
				"east": { "uv": [ 2.424242, 11.63636, 1.939394, 10.66667 ], "texture": "#tt_man", "rotation": 270 }
			}
		},
		{
			"__comment": "Box14",
			"from": [ 0.9697, 8, 13.0909 ],
			"to": [ 2.424245, 9, 13.57575 ],
			"faces": {
				"down": { "uv": [ 0.969697, 13.57576, 2.424242, 13.09091 ], "texture": "#tt_man" },
				"up": { "uv": [ 0.969697, 13.09091, 2.424242, 13.57576 ], "texture": "#tt_man" },
				"north": { "uv": [ 2.424242, 13.09091, 0.969697, 13.57576 ], "texture": "#tt_man" },
				"south": { "uv": [ 0.969697, 13.09091, 2.424242, 13.57576 ], "texture": "#tt_man" },
				"west": { "uv": [ 0.969697, 13.09091, 1.454545, 13.57576 ], "texture": "#tt_man", "rotation": 270 },
				"east": { "uv": [ 2.424242, 13.57576, 1.939394, 13.09091 ], "texture": "#tt_man", "rotation": 270 }
			}
		},
		{
			"__comment": "Box15",
			"from": [ 1.4545, 8, 1.9394 ],
			"to": [ 2.909045, 9, 2.424248 ],
			"faces": {
				"down": { "uv": [ 1.454545, 2.424242, 2.909091, 1.939394 ], "texture": "#tt_man" },
				"up": { "uv": [ 1.454545, 1.939394, 2.909091, 2.424242 ], "texture": "#tt_man" },
				"north": { "uv": [ 2.909091, 1.939394, 1.454545, 2.424242 ], "texture": "#tt_man" },
				"south": { "uv": [ 1.454545, 1.939394, 2.909091, 2.424242 ], "texture": "#tt_man" },
				"west": { "uv": [ 1.454545, 1.939394, 1.939394, 2.424242 ], "texture": "#tt_man", "rotation": 270 },
				"east": { "uv": [ 2.909091, 2.424242, 2.424242, 1.939394 ], "texture": "#tt_man", "rotation": 270 }
			}
		},
		{
			"__comment": "Box16",
			"from": [ 1.4545, 8, 13.5758 ],
			"to": [ 2.909045, 9, 14.06065 ],
			"faces": {
				"down": { "uv": [ 1.454545, 14.06061, 2.909091, 13.57576 ], "texture": "#tt_man" },
				"up": { "uv": [ 1.454545, 13.57576, 2.909091, 14.06061 ], "texture": "#tt_man" },
				"north": { "uv": [ 2.909091, 13.57576, 1.454545, 14.06061 ], "texture": "#tt_man" },
				"south": { "uv": [ 1.454545, 13.57576, 2.909091, 14.06061 ], "texture": "#tt_man" },
				"west": { "uv": [ 1.454545, 13.57576, 1.939394, 14.06061 ], "texture": "#tt_man", "rotation": 270 },
				"east": { "uv": [ 2.909091, 14.06061, 2.424242, 13.57576 ], "texture": "#tt_man", "rotation": 270 }
			}
		},
		{
			"__comment": "Box17",
			"from": [ 1.9394, 8, 1.4545 ],
			"to": [ 7.272734, 9, 1.939348 ],
			"faces": {
				"down": { "uv": [ 1.939394, 1.939394, 7.272727, 1.454545 ], "texture": "#tt_man" },
				"up": { "uv": [ 1.939394, 1.454545, 7.272727, 1.939394 ], "texture": "#tt_man" },
				"north": { "uv": [ 7.272727, 1.454545, 1.939394, 1.939394 ], "texture": "#tt_man" },
				"south": { "uv": [ 1.939394, 1.454546, 7.272727, 1.939394 ], "texture": "#tt_man" },
				"west": { "uv": [ 1.939394, 1.454545, 2.424242, 1.939394 ], "texture": "#tt_man", "rotation": 270 },
				"east": { "uv": [ 7.272727, 1.939394, 6.787879, 1.454545 ], "texture": "#tt_man", "rotation": 270 }
			}
		},
		{
			"__comment": "Box18",
			"from": [ 1.9394, 8, 3.8788 ],
			"to": [ 2.424248, 9, 8.727285 ],
			"faces": {
				"down": { "uv": [ 1.939394, 8.727272, 2.424242, 3.878788 ], "texture": "#tt_man" },
				"up": { "uv": [ 1.939394, 3.878788, 2.424242, 8.727272 ], "texture": "#tt_man" },
				"north": { "uv": [ 2.424242, 3.878788, 1.939394, 4.363636 ], "texture": "#tt_man" },
				"south": { "uv": [ 1.939394, 8.242424, 2.424242, 8.727272 ], "texture": "#tt_man" },
				"west": { "uv": [ 1.939394, 3.878788, 2.424242, 8.727272 ], "texture": "#tt_man", "rotation": 270 },
				"east": { "uv": [ 2.424242, 8.727272, 1.939394, 3.878788 ], "texture": "#tt_man", "rotation": 270 }
			}
		},
		{
			"__comment": "Box19",
			"from": [ 1.9394, 8, 14.0606 ],
			"to": [ 7.272734, 9, 14.54545 ],
			"faces": {
				"down": { "uv": [ 1.939394, 14.54545, 7.272727, 14.06061 ], "texture": "#tt_man" },
				"up": { "uv": [ 1.939394, 14.06061, 7.272727, 14.54545 ], "texture": "#tt_man" },
				"north": { "uv": [ 7.272727, 14.06061, 1.939394, 14.54545 ], "texture": "#tt_man" },
				"south": { "uv": [ 1.939394, 14.06061, 7.272727, 14.54545 ], "texture": "#tt_man" },
				"west": { "uv": [ 1.939394, 14.06061, 2.424242, 14.54545 ], "texture": "#tt_man", "rotation": 270 },
				"east": { "uv": [ 7.272727, 14.54545, 6.787879, 14.06061 ], "texture": "#tt_man", "rotation": 270 }
			}
		},
		{
			"__comment": "Box20",
			"from": [ 2.4242, 8, 0.9697 ],
			"to": [ 13.57572, 9, 1.454548 ],
			"faces": {
				"down": { "uv": [ 2.424242, 1.454545, 13.57576, 0.969697 ], "texture": "#tt_man" },
				"up": { "uv": [ 2.424242, 0.969697, 13.57576, 1.454545 ], "texture": "#tt_man" },
				"north": { "uv": [ 13.57576, 0.969697, 2.424242, 1.454546 ], "texture": "#tt_man" },
				"south": { "uv": [ 2.424242, 0.969696, 13.57576, 1.454545 ], "texture": "#tt_man" },
				"west": { "uv": [ 2.424242, 0.969697, 2.909091, 1.454545 ], "texture": "#tt_man", "rotation": 270 },
				"east": { "uv": [ 13.57576, 1.454545, 13.09091, 0.969697 ], "texture": "#tt_man", "rotation": 270 }
			}
		},
		{
			"__comment": "Box21",
			"from": [ 2.4242, 8, 5.3333 ],
			"to": [ 3.878745, 9, 6.787845 ],
			"faces": {
				"down": { "uv": [ 2.424242, 6.787879, 3.878788, 5.333333 ], "texture": "#tt_man" },
				"up": { "uv": [ 2.424242, 5.333333, 3.878788, 6.787879 ], "texture": "#tt_man" },
				"north": { "uv": [ 3.878788, 5.333333, 2.424242, 5.818182 ], "texture": "#tt_man" },
				"south": { "uv": [ 2.424242, 6.30303, 3.878788, 6.787879 ], "texture": "#tt_man" },
				"west": { "uv": [ 2.424242, 5.333333, 2.909091, 6.787879 ], "texture": "#tt_man", "rotation": 270 },
				"east": { "uv": [ 3.878788, 6.787879, 3.393939, 5.333333 ], "texture": "#tt_man", "rotation": 270 }
			}
		},
		{
			"__comment": "Box22",
			"from": [ 2.4242, 8, 7.2727 ],
			"to": [ 3.393897, 9, 8.727245 ],
			"faces": {
				"down": { "uv": [ 2.424242, 8.727272, 3.393939, 7.272727 ], "texture": "#tt_man" },
				"up": { "uv": [ 2.424242, 7.272727, 3.393939, 8.727272 ], "texture": "#tt_man" },
				"north": { "uv": [ 3.393939, 7.272727, 2.424242, 7.757576 ], "texture": "#tt_man" },
				"south": { "uv": [ 2.424242, 8.242424, 3.393939, 8.727272 ], "texture": "#tt_man" },
				"west": { "uv": [ 2.424242, 7.272727, 2.909091, 8.727272 ], "texture": "#tt_man", "rotation": 270 },
				"east": { "uv": [ 3.393939, 8.727272, 2.909091, 7.272727 ], "texture": "#tt_man", "rotation": 270 }
			}
		},
		{
			"__comment": "Box23",
			"from": [ 2.4242, 8, 14.5455 ],
			"to": [ 13.57572, 9, 15.03035 ],
			"faces": {
				"down": { "uv": [ 2.424242, 15.0303, 13.57576, 14.54545 ], "texture": "#tt_man" },
				"up": { "uv": [ 2.424242, 14.54545, 13.57576, 15.0303 ], "texture": "#tt_man" },
				"north": { "uv": [ 13.57576, 14.54545, 2.424242, 15.0303 ], "texture": "#tt_man" },
				"south": { "uv": [ 2.424242, 14.54545, 13.57576, 15.0303 ], "texture": "#tt_man" },
				"west": { "uv": [ 2.424242, 14.54545, 2.909091, 15.0303 ], "texture": "#tt_man", "rotation": 270 },
				"east": { "uv": [ 13.57576, 15.0303, 13.09091, 14.54545 ], "texture": "#tt_man", "rotation": 270 }
			}
		},
		{
			"__comment": "Box24",
			"from": [ 2.9091, 8, 0.4848 ],
			"to": [ 4.363646, 9, 0.9696485 ],
			"faces": {
				"down": { "uv": [ 2.909091, 0.969697, 4.363636, 0.484848 ], "texture": "#tt_man" },
				"up": { "uv": [ 2.909091, 0.484848, 4.363636, 0.969697 ], "texture": "#tt_man" },
				"north": { "uv": [ 4.363636, 0.484848, 2.909091, 0.969696 ], "texture": "#tt_man" },
				"south": { "uv": [ 2.909091, 0.484848, 4.363636, 0.969697 ], "texture": "#tt_man" },
				"west": { "uv": [ 2.909091, 0.484848, 3.393939, 0.969697 ], "texture": "#tt_man", "rotation": 270 },
				"east": { "uv": [ 4.363636, 0.969697, 3.878788, 0.484848 ], "texture": "#tt_man", "rotation": 270 }
			}
		},
		{
			"__comment": "Box25",
			"from": [ 2.9091, 8, 4.8485 ],
			"to": [ 4.363646, 9, 5.333348 ],
			"faces": {
				"down": { "uv": [ 2.909091, 5.333333, 4.363636, 4.848485 ], "texture": "#tt_man" },
				"up": { "uv": [ 2.909091, 4.848485, 4.363636, 5.333333 ], "texture": "#tt_man" },
				"north": { "uv": [ 4.363636, 4.848485, 2.909091, 5.333334 ], "texture": "#tt_man" },
				"south": { "uv": [ 2.909091, 4.848484, 4.363636, 5.333333 ], "texture": "#tt_man" },
				"west": { "uv": [ 2.909091, 4.848485, 3.393939, 5.333333 ], "texture": "#tt_man", "rotation": 270 },
				"east": { "uv": [ 4.363636, 5.333333, 3.878788, 4.848485 ], "texture": "#tt_man", "rotation": 270 }
			}
		},
		{
			"__comment": "Box26",
			"from": [ 2.9091, 8, 10.6667 ],
			"to": [ 4.363646, 9, 11.15155 ],
			"faces": {
				"down": { "uv": [ 2.909091, 11.15152, 4.363636, 10.66667 ], "texture": "#tt_man" },
				"up": { "uv": [ 2.909091, 10.66667, 4.363636, 11.15152 ], "texture": "#tt_man" },
				"north": { "uv": [ 4.363636, 10.66667, 2.909091, 11.15152 ], "texture": "#tt_man" },
				"south": { "uv": [ 2.909091, 10.66667, 4.363636, 11.15152 ], "texture": "#tt_man" },
				"west": { "uv": [ 2.909091, 10.66667, 3.393939, 11.15152 ], "texture": "#tt_man", "rotation": 270 },
				"east": { "uv": [ 4.363636, 11.15152, 3.878788, 10.66667 ], "texture": "#tt_man", "rotation": 270 }
			}
		},
		{
			"__comment": "Box27",
			"from": [ 2.9091, 8, 15.0303 ],
			"to": [ 4.363646, 9, 15.51515 ],
			"faces": {
				"down": { "uv": [ 2.909091, 15.51515, 4.363636, 15.0303 ], "texture": "#tt_man" },
				"up": { "uv": [ 2.909091, 15.0303, 4.363636, 15.51515 ], "texture": "#tt_man" },
				"north": { "uv": [ 4.363636, 15.0303, 2.909091, 15.51515 ], "texture": "#tt_man" },
				"south": { "uv": [ 2.909091, 15.0303, 4.363636, 15.51515 ], "texture": "#tt_man" },
				"west": { "uv": [ 2.909091, 15.0303, 3.393939, 15.51515 ], "texture": "#tt_man", "rotation": 270 },
				"east": { "uv": [ 4.363636, 15.51515, 3.878788, 15.0303 ], "texture": "#tt_man", "rotation": 270 }
			}
		},
		{
			"__comment": "Box28",
			"from": [ 3.3939, 8, 0 ],
			"to": [ 3.878748, 9, 0.4848485 ],
			"faces": {
				"down": { "uv": [ 3.393939, 0.484848, 3.878788, 0 ], "texture": "#tt_man" },
				"up": { "uv": [ 3.393939, 0, 3.878788, 0.484848 ], "texture": "#tt_man" },
				"north": { "uv": [ 3.878788, 0, 3.393939, 0.484848 ], "texture": "#tt_man" },
				"south": { "uv": [ 3.393939, 0, 3.878788, 0.484848 ], "texture": "#tt_man" },
				"west": { "uv": [ 3.393939, 0, 3.878788, 0.484848 ], "texture": "#tt_man", "rotation": 270 },
				"east": { "uv": [ 3.878788, 0.484848, 3.393939, 0 ], "texture": "#tt_man", "rotation": 270 }
			}
		},
		{
			"__comment": "Box29",
			"from": [ 3.3939, 8, 4.3636 ],
			"to": [ 4.363597, 9, 4.848448 ],
			"faces": {
				"down": { "uv": [ 3.393939, 4.848485, 4.363636, 4.363636 ], "texture": "#tt_man" },
				"up": { "uv": [ 3.393939, 4.363636, 4.363636, 4.848485 ], "texture": "#tt_man" },
				"north": { "uv": [ 4.363636, 4.363636, 3.393939, 4.848484 ], "texture": "#tt_man" },
				"south": { "uv": [ 3.393939, 4.363636, 4.363636, 4.848485 ], "texture": "#tt_man" },
				"west": { "uv": [ 3.393939, 4.363636, 3.878788, 4.848485 ], "texture": "#tt_man", "rotation": 270 },
				"east": { "uv": [ 4.363636, 4.848485, 3.878788, 4.363636 ], "texture": "#tt_man", "rotation": 270 }
			}
		},
		{
			"__comment": "Box30",
			"from": [ 3.3939, 8, 11.1515 ],
			"to": [ 4.363597, 9, 11.63635 ],
			"faces": {
				"down": { "uv": [ 3.393939, 11.63636, 4.363636, 11.15152 ], "texture": "#tt_man" },
				"up": { "uv": [ 3.393939, 11.15152, 4.363636, 11.63636 ], "texture": "#tt_man" },
				"north": { "uv": [ 4.363636, 11.15152, 3.393939, 11.63636 ], "texture": "#tt_man" },
				"south": { "uv": [ 3.393939, 11.15152, 4.363636, 11.63636 ], "texture": "#tt_man" },
				"west": { "uv": [ 3.393939, 11.15152, 3.878788, 11.63636 ], "texture": "#tt_man", "rotation": 270 },
				"east": { "uv": [ 4.363636, 11.63636, 3.878788, 11.15152 ], "texture": "#tt_man", "rotation": 270 }
			}
		},
		{
			"__comment": "Box31",
			"from": [ 3.3939, 8, 15.5152 ],
			"to": [ 3.878748, 9, 16.00005 ],
			"faces": {
				"down": { "uv": [ 3.393939, 16, 3.878788, 15.51515 ], "texture": "#tt_man" },
				"up": { "uv": [ 3.393939, 15.51515, 3.878788, 16 ], "texture": "#tt_man" },
				"north": { "uv": [ 3.878788, 15.51515, 3.393939, 16 ], "texture": "#tt_man" },
				"south": { "uv": [ 3.393939, 15.51515, 3.878788, 16 ], "texture": "#tt_man" },
				"west": { "uv": [ 3.393939, 15.51515, 3.878788, 16 ], "texture": "#tt_man", "rotation": 270 },
				"east": { "uv": [ 3.878788, 16, 3.393939, 15.51515 ], "texture": "#tt_man", "rotation": 270 }
			}
		},
		{
			"__comment": "Box32",
			"from": [ 3.8788, 8, 1.9394 ],
			"to": [ 12.12122, 9, 2.424248 ],
			"faces": {
				"down": { "uv": [ 3.878788, 2.424242, 12.12121, 1.939394 ], "texture": "#tt_man" },
				"up": { "uv": [ 3.878788, 1.939394, 12.12121, 2.424242 ], "texture": "#tt_man" },
				"north": { "uv": [ 12.12121, 1.939394, 3.878788, 2.424242 ], "texture": "#tt_man" },
				"south": { "uv": [ 3.878788, 1.939394, 12.12121, 2.424242 ], "texture": "#tt_man" },
				"west": { "uv": [ 3.878788, 1.939394, 4.363636, 2.424242 ], "texture": "#tt_man", "rotation": 270 },
				"east": { "uv": [ 12.12121, 2.424242, 11.63636, 1.939394 ], "texture": "#tt_man", "rotation": 270 }
			}
		},
		{
			"__comment": "Box33",
			"from": [ 3.8788, 8, 6.303 ],
			"to": [ 7.757588, 9, 7.272697 ],
			"faces": {
				"down": { "uv": [ 3.878788, 7.272727, 7.757576, 6.30303 ], "texture": "#tt_man" },
				"up": { "uv": [ 3.878788, 6.30303, 7.757576, 7.272727 ], "texture": "#tt_man" },
				"north": { "uv": [ 7.757576, 6.30303, 3.878788, 6.787878 ], "texture": "#tt_man" },
				"south": { "uv": [ 3.878788, 6.787878, 7.757576, 7.272727 ], "texture": "#tt_man" },
				"west": { "uv": [ 3.878788, 6.30303, 4.363636, 7.272727 ], "texture": "#tt_man", "rotation": 270 },
				"east": { "uv": [ 7.757576, 7.272727, 7.272727, 6.30303 ], "texture": "#tt_man", "rotation": 270 }
			}
		},
		{
			"__comment": "Box34",
			"from": [ 3.8788, 8, 8.7273 ],
			"to": [ 7.757588, 9, 9.212149 ],
			"faces": {
				"down": { "uv": [ 3.878788, 9.212121, 7.757576, 8.727272 ], "texture": "#tt_man" },
				"up": { "uv": [ 3.878788, 8.727272, 7.757576, 9.212121 ], "texture": "#tt_man" },
				"north": { "uv": [ 7.757576, 8.727272, 3.878788, 9.212121 ], "texture": "#tt_man" },
				"south": { "uv": [ 3.878788, 8.727272, 7.757576, 9.212121 ], "texture": "#tt_man" },
				"west": { "uv": [ 3.878788, 8.727272, 4.363636, 9.212121 ], "texture": "#tt_man", "rotation": 270 },
				"east": { "uv": [ 7.757576, 9.212121, 7.272727, 8.727272 ], "texture": "#tt_man", "rotation": 270 }
			}
		},
		{
			"__comment": "Box35",
			"from": [ 3.8788, 8, 13.5758 ],
			"to": [ 12.12122, 9, 14.06065 ],
			"faces": {
				"down": { "uv": [ 3.878788, 14.06061, 12.12121, 13.57576 ], "texture": "#tt_man" },
				"up": { "uv": [ 3.878788, 13.57576, 12.12121, 14.06061 ], "texture": "#tt_man" },
				"north": { "uv": [ 12.12121, 13.57576, 3.878788, 14.06061 ], "texture": "#tt_man" },
				"south": { "uv": [ 3.878788, 13.57576, 12.12121, 14.06061 ], "texture": "#tt_man" },
				"west": { "uv": [ 3.878788, 13.57576, 4.363636, 14.06061 ], "texture": "#tt_man", "rotation": 270 },
				"east": { "uv": [ 12.12121, 14.06061, 11.63636, 13.57576 ], "texture": "#tt_man", "rotation": 270 }
			}
		},
		{
			"__comment": "Box36",
			"from": [ 4.3636, 8, 3.3939 ],
			"to": [ 6.787842, 9, 4.363597 ],
			"faces": {
				"down": { "uv": [ 4.363636, 4.363636, 6.787879, 3.393939 ], "texture": "#tt_man" },
				"up": { "uv": [ 4.363636, 3.393939, 6.787879, 4.363636 ], "texture": "#tt_man" },
				"north": { "uv": [ 6.787879, 3.393939, 4.363636, 3.878788 ], "texture": "#tt_man" },
				"south": { "uv": [ 4.363636, 3.878788, 6.787879, 4.363636 ], "texture": "#tt_man" },
				"west": { "uv": [ 4.363636, 3.393939, 4.848485, 4.363636 ], "texture": "#tt_man", "rotation": 270 },
				"east": { "uv": [ 6.787879, 4.363636, 6.30303, 3.393939 ], "texture": "#tt_man", "rotation": 270 }
			}
		},
		{
			"__comment": "Box37",
			"from": [ 4.3636, 8, 5.8182 ],
			"to": [ 7.757539, 9, 7.757594 ],
			"faces": {
				"down": { "uv": [ 4.363636, 7.757576, 7.757576, 5.818182 ], "texture": "#tt_man" },
				"up": { "uv": [ 4.363636, 5.818182, 7.757576, 7.757576 ], "texture": "#tt_man" },
				"north": { "uv": [ 7.757576, 5.818182, 4.363636, 6.30303 ], "texture": "#tt_man" },
				"south": { "uv": [ 4.363636, 7.272728, 7.757576, 7.757576 ], "texture": "#tt_man" },
				"west": { "uv": [ 4.363636, 5.818182, 4.848485, 7.757576 ], "texture": "#tt_man", "rotation": 270 },
				"east": { "uv": [ 7.757576, 7.757576, 7.272727, 5.818182 ], "texture": "#tt_man", "rotation": 270 }
			}
		},
		{
			"__comment": "Box38",
			"from": [ 4.3636, 8, 8.2424 ],
			"to": [ 7.757539, 9, 10.18179 ],
			"faces": {
				"down": { "uv": [ 4.363636, 10.18182, 7.757576, 8.242424 ], "texture": "#tt_man" },
				"up": { "uv": [ 4.363636, 8.242424, 7.757576, 10.18182 ], "texture": "#tt_man" },
				"north": { "uv": [ 7.757576, 8.242424, 4.363636, 8.727272 ], "texture": "#tt_man" },
				"south": { "uv": [ 4.363636, 9.69697, 7.757576, 10.18182 ], "texture": "#tt_man" },
				"west": { "uv": [ 4.363636, 8.242424, 4.848485, 10.18182 ], "texture": "#tt_man", "rotation": 270 },
				"east": { "uv": [ 7.757576, 10.18182, 7.272727, 8.242424 ], "texture": "#tt_man", "rotation": 270 }
			}
		},
		{
			"__comment": "Box39",
			"from": [ 4.3636, 8, 11.6364 ],
			"to": [ 7.272691, 9, 12.12125 ],
			"faces": {
				"down": { "uv": [ 4.363636, 12.12121, 7.272727, 11.63636 ], "texture": "#tt_man" },
				"up": { "uv": [ 4.363636, 11.63636, 7.272727, 12.12121 ], "texture": "#tt_man" },
				"north": { "uv": [ 7.272727, 11.63636, 4.363636, 12.12121 ], "texture": "#tt_man" },
				"south": { "uv": [ 4.363636, 11.63636, 7.272727, 12.12121 ], "texture": "#tt_man" },
				"west": { "uv": [ 4.363636, 11.63636, 4.848485, 12.12121 ], "texture": "#tt_man", "rotation": 270 },
				"east": { "uv": [ 7.272727, 12.12121, 6.787879, 11.63636 ], "texture": "#tt_man", "rotation": 270 }
			}
		},
		{
			"__comment": "Box40",
			"from": [ 4.3636, 8, 12.1212 ],
			"to": [ 6.787842, 9, 12.60605 ],
			"faces": {
				"down": { "uv": [ 4.363636, 12.60606, 6.787879, 12.12121 ], "texture": "#tt_man" },
				"up": { "uv": [ 4.363636, 12.12121, 6.787879, 12.60606 ], "texture": "#tt_man" },
				"north": { "uv": [ 6.787879, 12.12121, 4.363636, 12.60606 ], "texture": "#tt_man" },
				"south": { "uv": [ 4.363636, 12.12121, 6.787879, 12.60606 ], "texture": "#tt_man" },
				"west": { "uv": [ 4.363636, 12.12121, 4.848485, 12.60606 ], "texture": "#tt_man", "rotation": 270 },
				"east": { "uv": [ 6.787879, 12.60606, 6.30303, 12.12121 ], "texture": "#tt_man", "rotation": 270 }
			}
		},
		{
			"__comment": "Box41",
			"from": [ 4.8485, 8, 2.9091 ],
			"to": [ 11.15153, 9, 3.393948 ],
			"faces": {
				"down": { "uv": [ 4.848485, 3.393939, 11.15152, 2.909091 ], "texture": "#tt_man" },
				"up": { "uv": [ 4.848485, 2.909091, 11.15152, 3.393939 ], "texture": "#tt_man" },
				"north": { "uv": [ 11.15152, 2.909091, 4.848485, 3.39394 ], "texture": "#tt_man" },
				"south": { "uv": [ 4.848485, 2.90909, 11.15152, 3.393939 ], "texture": "#tt_man" },
				"west": { "uv": [ 4.848485, 2.909091, 5.333333, 3.393939 ], "texture": "#tt_man", "rotation": 270 },
				"east": { "uv": [ 11.15152, 3.393939, 10.66667, 2.909091 ], "texture": "#tt_man", "rotation": 270 }
			}
		},
		{
			"__comment": "Box42",
			"from": [ 4.8485, 8, 4.3636 ],
			"to": [ 7.757591, 9, 5.333297 ],
			"faces": {
				"down": { "uv": [ 4.848485, 5.333333, 7.757576, 4.363636 ], "texture": "#tt_man" },
				"up": { "uv": [ 4.848485, 4.363636, 7.757576, 5.333333 ], "texture": "#tt_man" },
				"north": { "uv": [ 7.757576, 4.363636, 4.848485, 4.848484 ], "texture": "#tt_man" },
				"south": { "uv": [ 4.848485, 4.848484, 7.757576, 5.333333 ], "texture": "#tt_man" },
				"west": { "uv": [ 4.848485, 4.363636, 5.333333, 5.333333 ], "texture": "#tt_man", "rotation": 270 },
				"east": { "uv": [ 7.757576, 5.333333, 7.272727, 4.363636 ], "texture": "#tt_man", "rotation": 270 }
			}
		},
		{
			"__comment": "Box43",
			"from": [ 4.8485, 8, 5.3333 ],
			"to": [ 5.818197, 9, 13.09088 ],
			"faces": {
				"down": { "uv": [ 4.848485, 13.09091, 5.818182, 5.333333 ], "texture": "#tt_man" },
				"up": { "uv": [ 4.848485, 5.333333, 5.818182, 13.09091 ], "texture": "#tt_man" },
				"north": { "uv": [ 5.818182, 5.333333, 4.848485, 5.818182 ], "texture": "#tt_man" },
				"south": { "uv": [ 4.848485, 12.60606, 5.818182, 13.09091 ], "texture": "#tt_man" },
				"west": { "uv": [ 4.848485, 5.333333, 5.333333, 13.09091 ], "texture": "#tt_man", "rotation": 270 },
				"east": { "uv": [ 5.818182, 13.09091, 5.333333, 5.333333 ], "texture": "#tt_man", "rotation": 270 }
			}
		},
		{
			"__comment": "Box44",
			"from": [ 5.3333, 8, 2.4242 ],
			"to": [ 10.66663, 9, 2.909048 ],
			"faces": {
				"down": { "uv": [ 5.333333, 2.909091, 10.66667, 2.424242 ], "texture": "#tt_man" },
				"up": { "uv": [ 5.333333, 2.424242, 10.66667, 2.909091 ], "texture": "#tt_man" },
				"north": { "uv": [ 10.66667, 2.424242, 5.333333, 2.90909 ], "texture": "#tt_man" },
				"south": { "uv": [ 5.333333, 2.424242, 10.66667, 2.909091 ], "texture": "#tt_man" },
				"west": { "uv": [ 5.333333, 2.424242, 5.818182, 2.909091 ], "texture": "#tt_man", "rotation": 270 },
				"east": { "uv": [ 10.66667, 2.909091, 10.18182, 2.424242 ], "texture": "#tt_man", "rotation": 270 }
			}
		},
		{
			"__comment": "Box45",
			"from": [ 5.3333, 8, 13.0909 ],
			"to": [ 10.66663, 9, 13.57575 ],
			"faces": {
				"down": { "uv": [ 5.333333, 13.57576, 10.66667, 13.09091 ], "texture": "#tt_man" },
				"up": { "uv": [ 5.333333, 13.09091, 10.66667, 13.57576 ], "texture": "#tt_man" },
				"north": { "uv": [ 10.66667, 13.09091, 5.333333, 13.57576 ], "texture": "#tt_man" },
				"south": { "uv": [ 5.333333, 13.09091, 10.66667, 13.57576 ], "texture": "#tt_man" },
				"west": { "uv": [ 5.333333, 13.09091, 5.818182, 13.57576 ], "texture": "#tt_man", "rotation": 270 },
				"east": { "uv": [ 10.66667, 13.57576, 10.18182, 13.09091 ], "texture": "#tt_man", "rotation": 270 }
			}
		},
		{
			"__comment": "Box46",
			"from": [ 5.8182, 8, 7.7576 ],
			"to": [ 7.272745, 9, 8.242449 ],
			"faces": {
				"down": { "uv": [ 5.818182, 8.242424, 7.272727, 7.757576 ], "texture": "#tt_man" },
				"up": { "uv": [ 5.818182, 7.757576, 7.272727, 8.242424 ], "texture": "#tt_man" },
				"north": { "uv": [ 7.272727, 7.757576, 5.818182, 8.242424 ], "texture": "#tt_man" },
				"south": { "uv": [ 5.818182, 7.757576, 7.272727, 8.242424 ], "texture": "#tt_man" },
				"west": { "uv": [ 5.818182, 7.757576, 6.30303, 8.242424 ], "texture": "#tt_man", "rotation": 270 },
				"east": { "uv": [ 7.272727, 8.242424, 6.787879, 7.757576 ], "texture": "#tt_man", "rotation": 270 }
			}
		},
		{
			"__comment": "Box47",
			"from": [ 5.8182, 8, 10.6667 ],
			"to": [ 7.757594, 9, 11.6364 ],
			"faces": {
				"down": { "uv": [ 5.818182, 11.63636, 7.757576, 10.66667 ], "texture": "#tt_man" },
				"up": { "uv": [ 5.818182, 10.66667, 7.757576, 11.63636 ], "texture": "#tt_man" },
				"north": { "uv": [ 7.757576, 10.66667, 5.818182, 11.15152 ], "texture": "#tt_man" },
				"south": { "uv": [ 5.818182, 11.15152, 7.757576, 11.63636 ], "texture": "#tt_man" },
				"west": { "uv": [ 5.818182, 10.66667, 6.30303, 11.63636 ], "texture": "#tt_man", "rotation": 270 },
				"east": { "uv": [ 7.757576, 11.63636, 7.272727, 10.66667 ], "texture": "#tt_man", "rotation": 270 }
			}
		},
		{
			"__comment": "Box48",
			"from": [ 5.8182, 8, 12.6061 ],
			"to": [ 11.15153, 9, 13.09095 ],
			"faces": {
				"down": { "uv": [ 5.818182, 13.09091, 11.15152, 12.60606 ], "texture": "#tt_man" },
				"up": { "uv": [ 5.818182, 12.60606, 11.15152, 13.09091 ], "texture": "#tt_man" },
				"north": { "uv": [ 11.15152, 12.60606, 5.818182, 13.09091 ], "texture": "#tt_man" },
				"south": { "uv": [ 5.818182, 12.60606, 11.15152, 13.09091 ], "texture": "#tt_man" },
				"west": { "uv": [ 5.818182, 12.60606, 6.30303, 13.09091 ], "texture": "#tt_man", "rotation": 270 },
				"east": { "uv": [ 11.15152, 13.09091, 10.66667, 12.60606 ], "texture": "#tt_man", "rotation": 270 }
			}
		},
		{
			"__comment": "Box49",
			"from": [ 6.303, 8, 5.3333 ],
			"to": [ 7.757545, 9, 5.818148 ],
			"faces": {
				"down": { "uv": [ 6.30303, 5.818182, 7.757576, 5.333333 ], "texture": "#tt_man" },
				"up": { "uv": [ 6.30303, 5.333333, 7.757576, 5.818182 ], "texture": "#tt_man" },
				"north": { "uv": [ 7.757576, 5.333333, 6.30303, 5.818182 ], "texture": "#tt_man" },
				"south": { "uv": [ 6.30303, 5.333334, 7.757576, 5.818182 ], "texture": "#tt_man" },
				"west": { "uv": [ 6.30303, 5.333333, 6.787879, 5.818182 ], "texture": "#tt_man", "rotation": 270 },
				"east": { "uv": [ 7.757576, 5.818182, 7.272727, 5.333333 ], "texture": "#tt_man", "rotation": 270 }
			}
		},
		{
			"__comment": "Box50",
			"from": [ 6.303, 8, 10.1818 ],
			"to": [ 7.757545, 9, 10.66665 ],
			"faces": {
				"down": { "uv": [ 6.30303, 10.66667, 7.757576, 10.18182 ], "texture": "#tt_man" },
				"up": { "uv": [ 6.30303, 10.18182, 7.757576, 10.66667 ], "texture": "#tt_man" },
				"north": { "uv": [ 7.757576, 10.18182, 6.30303, 10.66667 ], "texture": "#tt_man" },
				"south": { "uv": [ 6.30303, 10.18182, 7.757576, 10.66667 ], "texture": "#tt_man" },
				"west": { "uv": [ 6.30303, 10.18182, 6.787879, 10.66667 ], "texture": "#tt_man", "rotation": 270 },
				"east": { "uv": [ 7.757576, 10.66667, 7.272727, 10.18182 ], "texture": "#tt_man", "rotation": 270 }
			}
		},
		{
			"__comment": "Box51",
			"from": [ 6.7879, 8, 0.4848 ],
			"to": [ 9.212143, 9, 0.9696485 ],
			"faces": {
				"down": { "uv": [ 6.787879, 0.969697, 9.212121, 0.484848 ], "texture": "#tt_man" },
				"up": { "uv": [ 6.787879, 0.484848, 9.212121, 0.969697 ], "texture": "#tt_man" },
				"north": { "uv": [ 9.212121, 0.484848, 6.787879, 0.969696 ], "texture": "#tt_man" },
				"south": { "uv": [ 6.787879, 0.484848, 9.212121, 0.969697 ], "texture": "#tt_man" },
				"west": { "uv": [ 6.787879, 0.484848, 7.272727, 0.969697 ], "texture": "#tt_man", "rotation": 270 },
				"east": { "uv": [ 9.212121, 0.969697, 8.727272, 0.484848 ], "texture": "#tt_man", "rotation": 270 }
			}
		},
		{
			"__comment": "Box52",
			"from": [ 6.7879, 8, 3.8788 ],
			"to": [ 7.272748, 9, 4.363648 ],
			"faces": {
				"down": { "uv": [ 6.787879, 4.363636, 7.272727, 3.878788 ], "texture": "#tt_man" },
				"up": { "uv": [ 6.787879, 3.878788, 7.272727, 4.363636 ], "texture": "#tt_man" },
				"north": { "uv": [ 7.272727, 3.878788, 6.787879, 4.363636 ], "texture": "#tt_man" },
				"south": { "uv": [ 6.787879, 3.878788, 7.272727, 4.363636 ], "texture": "#tt_man" },
				"west": { "uv": [ 6.787879, 3.878788, 7.272727, 4.363636 ], "texture": "#tt_man", "rotation": 270 },
				"east": { "uv": [ 7.272727, 4.363636, 6.787879, 3.878788 ], "texture": "#tt_man", "rotation": 270 }
			}
		},
		{
			"__comment": "Box53",
			"from": [ 6.7879, 8, 15.0303 ],
			"to": [ 9.212143, 9, 15.51515 ],
			"faces": {
				"down": { "uv": [ 6.787879, 15.51515, 9.212121, 15.0303 ], "texture": "#tt_man" },
				"up": { "uv": [ 6.787879, 15.0303, 9.212121, 15.51515 ], "texture": "#tt_man" },
				"north": { "uv": [ 9.212121, 15.0303, 6.787879, 15.51515 ], "texture": "#tt_man" },
				"south": { "uv": [ 6.787879, 15.0303, 9.212121, 15.51515 ], "texture": "#tt_man" },
				"west": { "uv": [ 6.787879, 15.0303, 7.272727, 15.51515 ], "texture": "#tt_man", "rotation": 270 },
				"east": { "uv": [ 9.212121, 15.51515, 8.727272, 15.0303 ], "texture": "#tt_man", "rotation": 270 }
			}
		},
		{
			"__comment": "Box54",
			"from": [ 7.2727, 8, 0 ],
			"to": [ 8.727245, 9, 0.4848485 ],
			"faces": {
				"down": { "uv": [ 7.272727, 0.484848, 8.727273, 0 ], "texture": "#tt_man" },
				"up": { "uv": [ 7.272727, 0, 8.727273, 0.484848 ], "texture": "#tt_man" },
				"north": { "uv": [ 8.727273, 0, 7.272727, 0.484848 ], "texture": "#tt_man" },
				"south": { "uv": [ 7.272727, 0, 8.727273, 0.484848 ], "texture": "#tt_man" },
				"west": { "uv": [ 7.272727, 0, 7.757576, 0.484848 ], "texture": "#tt_man", "rotation": 270 },
				"east": { "uv": [ 8.727273, 0.484848, 8.242424, 0 ], "texture": "#tt_man", "rotation": 270 }
			}
		},
		{
			"__comment": "Box55",
			"from": [ 7.2727, 8, 15.5152 ],
			"to": [ 8.727245, 9, 16.00005 ],
			"faces": {
				"down": { "uv": [ 7.272727, 16, 8.727273, 15.51515 ], "texture": "#tt_man" },
				"up": { "uv": [ 7.272727, 15.51515, 8.727273, 16 ], "texture": "#tt_man" },
				"north": { "uv": [ 8.727273, 15.51515, 7.272727, 16 ], "texture": "#tt_man" },
				"south": { "uv": [ 7.272727, 15.51515, 8.727273, 16 ], "texture": "#tt_man" },
				"west": { "uv": [ 7.272727, 15.51515, 7.757576, 16 ], "texture": "#tt_man", "rotation": 270 },
				"east": { "uv": [ 8.727273, 16, 8.242424, 15.51515 ], "texture": "#tt_man", "rotation": 270 }
			}
		},
		{
			"__comment": "Box56",
			"from": [ 8.2424, 8, 4.3636 ],
			"to": [ 11.15149, 9, 5.333297 ],
			"faces": {
				"down": { "uv": [ 8.242424, 5.333333, 11.15152, 4.363636 ], "texture": "#tt_man" },
				"up": { "uv": [ 8.242424, 4.363636, 11.15152, 5.333333 ], "texture": "#tt_man" },
				"north": { "uv": [ 11.15152, 4.363636, 8.242424, 4.848484 ], "texture": "#tt_man" },
				"south": { "uv": [ 8.242424, 4.848484, 11.15152, 5.333333 ], "texture": "#tt_man" },
				"west": { "uv": [ 8.242424, 4.363636, 8.727272, 5.333333 ], "texture": "#tt_man", "rotation": 270 },
				"east": { "uv": [ 11.15152, 5.333333, 10.66667, 4.363636 ], "texture": "#tt_man", "rotation": 270 }
			}
		},
		{
			"__comment": "Box57",
			"from": [ 8.2424, 8, 5.3333 ],
			"to": [ 9.696945, 9, 7.757542 ],
			"faces": {
				"down": { "uv": [ 8.242424, 7.757576, 9.69697, 5.333333 ], "texture": "#tt_man" },
				"up": { "uv": [ 8.242424, 5.333333, 9.69697, 7.757576 ], "texture": "#tt_man" },
				"north": { "uv": [ 9.69697, 5.333333, 8.242424, 5.818182 ], "texture": "#tt_man" },
				"south": { "uv": [ 8.242424, 7.272728, 9.69697, 7.757576 ], "texture": "#tt_man" },
				"west": { "uv": [ 8.242424, 5.333333, 8.727272, 7.757576 ], "texture": "#tt_man", "rotation": 270 },
				"east": { "uv": [ 9.69697, 7.757576, 9.212122, 5.333333 ], "texture": "#tt_man", "rotation": 270 }
			}
		},
		{
			"__comment": "Box58",
			"from": [ 8.2424, 8, 8.2424 ],
			"to": [ 11.63634, 9, 10.18179 ],
			"faces": {
				"down": { "uv": [ 8.242424, 10.18182, 11.63636, 8.242424 ], "texture": "#tt_man" },
				"up": { "uv": [ 8.242424, 8.242424, 11.63636, 10.18182 ], "texture": "#tt_man" },
				"north": { "uv": [ 11.63636, 8.242424, 8.242424, 8.727272 ], "texture": "#tt_man" },
				"south": { "uv": [ 8.242424, 9.69697, 11.63636, 10.18182 ], "texture": "#tt_man" },
				"west": { "uv": [ 8.242424, 8.242424, 8.727272, 10.18182 ], "texture": "#tt_man", "rotation": 270 },
				"east": { "uv": [ 11.63636, 10.18182, 11.15152, 8.242424 ], "texture": "#tt_man", "rotation": 270 }
			}
		},
		{
			"__comment": "Box59",
			"from": [ 8.2424, 8, 10.1818 ],
			"to": [ 9.696945, 9, 11.63634 ],
			"faces": {
				"down": { "uv": [ 8.242424, 11.63636, 9.69697, 10.18182 ], "texture": "#tt_man" },
				"up": { "uv": [ 8.242424, 10.18182, 9.69697, 11.63636 ], "texture": "#tt_man" },
				"north": { "uv": [ 9.69697, 10.18182, 8.242424, 10.66667 ], "texture": "#tt_man" },
				"south": { "uv": [ 8.242424, 11.15152, 9.69697, 11.63636 ], "texture": "#tt_man" },
				"west": { "uv": [ 8.242424, 10.18182, 8.727272, 11.63636 ], "texture": "#tt_man", "rotation": 270 },
				"east": { "uv": [ 9.69697, 11.63636, 9.212122, 10.18182 ], "texture": "#tt_man", "rotation": 270 }
			}
		},
		{
			"__comment": "Box60",
			"from": [ 8.7273, 8, 1.4545 ],
			"to": [ 14.06063, 9, 1.939348 ],
			"faces": {
				"down": { "uv": [ 8.727273, 1.939394, 14.06061, 1.454545 ], "texture": "#tt_man" },
				"up": { "uv": [ 8.727273, 1.454545, 14.06061, 1.939394 ], "texture": "#tt_man" },
				"north": { "uv": [ 14.06061, 1.454545, 8.727273, 1.939394 ], "texture": "#tt_man" },
				"south": { "uv": [ 8.727273, 1.454546, 14.06061, 1.939394 ], "texture": "#tt_man" },
				"west": { "uv": [ 8.727273, 1.454545, 9.212122, 1.939394 ], "texture": "#tt_man", "rotation": 270 },
				"east": { "uv": [ 14.06061, 1.939394, 13.57576, 1.454545 ], "texture": "#tt_man", "rotation": 270 }
			}
		},
		{
			"__comment": "Box61",
			"from": [ 8.7273, 8, 3.8788 ],
			"to": [ 11.63639, 9, 4.363648 ],
			"faces": {
				"down": { "uv": [ 8.727273, 4.363636, 11.63636, 3.878788 ], "texture": "#tt_man" },
				"up": { "uv": [ 8.727273, 3.878788, 11.63636, 4.363636 ], "texture": "#tt_man" },
				"north": { "uv": [ 11.63636, 3.878788, 8.727273, 4.363636 ], "texture": "#tt_man" },
				"south": { "uv": [ 8.727273, 3.878788, 11.63636, 4.363636 ], "texture": "#tt_man" },
				"west": { "uv": [ 8.727273, 3.878788, 9.212122, 4.363636 ], "texture": "#tt_man", "rotation": 270 },
				"east": { "uv": [ 11.63636, 4.363636, 11.15152, 3.878788 ], "texture": "#tt_man", "rotation": 270 }
			}
		},
		{
			"__comment": "Box62",
			"from": [ 8.7273, 8, 7.7576 ],
			"to": [ 11.15154, 9, 8.242449 ],
			"faces": {
				"down": { "uv": [ 8.727273, 8.242424, 11.15152, 7.757576 ], "texture": "#tt_man" },
				"up": { "uv": [ 8.727273, 7.757576, 11.15152, 8.242424 ], "texture": "#tt_man" },
				"north": { "uv": [ 11.15152, 7.757576, 8.727273, 8.242424 ], "texture": "#tt_man" },
				"south": { "uv": [ 8.727273, 7.757576, 11.15152, 8.242424 ], "texture": "#tt_man" },
				"west": { "uv": [ 8.727273, 7.757576, 9.212122, 8.242424 ], "texture": "#tt_man", "rotation": 270 },
				"east": { "uv": [ 11.15152, 8.242424, 10.66667, 7.757576 ], "texture": "#tt_man", "rotation": 270 }
			}
		},
		{
			"__comment": "Box63",
			"from": [ 8.7273, 8, 11.6364 ],
			"to": [ 11.63639, 9, 12.12125 ],
			"faces": {
				"down": { "uv": [ 8.727273, 12.12121, 11.63636, 11.63636 ], "texture": "#tt_man" },
				"up": { "uv": [ 8.727273, 11.63636, 11.63636, 12.12121 ], "texture": "#tt_man" },
				"north": { "uv": [ 11.63636, 11.63636, 8.727273, 12.12121 ], "texture": "#tt_man" },
				"south": { "uv": [ 8.727273, 11.63636, 11.63636, 12.12121 ], "texture": "#tt_man" },
				"west": { "uv": [ 8.727273, 11.63636, 9.212122, 12.12121 ], "texture": "#tt_man", "rotation": 270 },
				"east": { "uv": [ 11.63636, 12.12121, 11.15152, 11.63636 ], "texture": "#tt_man", "rotation": 270 }
			}
		},
		{
			"__comment": "Box64",
			"from": [ 8.7273, 8, 14.0606 ],
			"to": [ 14.06063, 9, 14.54545 ],
			"faces": {
				"down": { "uv": [ 8.727273, 14.54545, 14.06061, 14.06061 ], "texture": "#tt_man" },
				"up": { "uv": [ 8.727273, 14.06061, 14.06061, 14.54545 ], "texture": "#tt_man" },
				"north": { "uv": [ 14.06061, 14.06061, 8.727273, 14.54545 ], "texture": "#tt_man" },
				"south": { "uv": [ 8.727273, 14.06061, 14.06061, 14.54545 ], "texture": "#tt_man" },
				"west": { "uv": [ 8.727273, 14.06061, 9.212122, 14.54545 ], "texture": "#tt_man", "rotation": 270 },
				"east": { "uv": [ 14.06061, 14.54545, 13.57576, 14.06061 ], "texture": "#tt_man", "rotation": 270 }
			}
		},
		{
			"__comment": "Box65",
			"from": [ 9.2121, 8, 3.3939 ],
			"to": [ 11.63634, 9, 3.878748 ],
			"faces": {
				"down": { "uv": [ 9.212121, 3.878788, 11.63636, 3.393939 ], "texture": "#tt_man" },
				"up": { "uv": [ 9.212121, 3.393939, 11.63636, 3.878788 ], "texture": "#tt_man" },
				"north": { "uv": [ 11.63636, 3.393939, 9.212121, 3.878788 ], "texture": "#tt_man" },
				"south": { "uv": [ 9.212121, 3.39394, 11.63636, 3.878788 ], "texture": "#tt_man" },
				"west": { "uv": [ 9.212121, 3.393939, 9.69697, 3.878788 ], "texture": "#tt_man", "rotation": 270 },
				"east": { "uv": [ 11.63636, 3.878788, 11.15152, 3.393939 ], "texture": "#tt_man", "rotation": 270 }
			}
		},
		{
			"__comment": "Box66",
			"from": [ 9.2121, 8, 12.1212 ],
			"to": [ 11.63634, 9, 12.60605 ],
			"faces": {
				"down": { "uv": [ 9.212121, 12.60606, 11.63636, 12.12121 ], "texture": "#tt_man" },
				"up": { "uv": [ 9.212121, 12.12121, 11.63636, 12.60606 ], "texture": "#tt_man" },
				"north": { "uv": [ 11.63636, 12.12121, 9.212121, 12.60606 ], "texture": "#tt_man" },
				"south": { "uv": [ 9.212121, 12.12121, 11.63636, 12.60606 ], "texture": "#tt_man" },
				"west": { "uv": [ 9.212121, 12.12121, 9.69697, 12.60606 ], "texture": "#tt_man", "rotation": 270 },
				"east": { "uv": [ 11.63636, 12.60606, 11.15152, 12.12121 ], "texture": "#tt_man", "rotation": 270 }
			}
		},
		{
			"__comment": "Box67",
			"from": [ 9.697, 8, 5.8182 ],
			"to": [ 11.63639, 9, 7.757594 ],
			"faces": {
				"down": { "uv": [ 9.69697, 7.757576, 11.63636, 5.818182 ], "texture": "#tt_man" },
				"up": { "uv": [ 9.69697, 5.818182, 11.63636, 7.757576 ], "texture": "#tt_man" },
				"north": { "uv": [ 11.63636, 5.818182, 9.69697, 6.30303 ], "texture": "#tt_man" },
				"south": { "uv": [ 9.69697, 7.272728, 11.63636, 7.757576 ], "texture": "#tt_man" },
				"west": { "uv": [ 9.69697, 5.818182, 10.18182, 7.757576 ], "texture": "#tt_man", "rotation": 270 },
				"east": { "uv": [ 11.63636, 7.757576, 11.15152, 5.818182 ], "texture": "#tt_man", "rotation": 270 }
			}
		},
		{
			"__comment": "Box68",
			"from": [ 9.697, 8, 10.6667 ],
			"to": [ 11.15154, 9, 11.6364 ],
			"faces": {
				"down": { "uv": [ 9.69697, 11.63636, 11.15152, 10.66667 ], "texture": "#tt_man" },
				"up": { "uv": [ 9.69697, 10.66667, 11.15152, 11.63636 ], "texture": "#tt_man" },
				"north": { "uv": [ 11.15152, 10.66667, 9.69697, 11.15152 ], "texture": "#tt_man" },
				"south": { "uv": [ 9.69697, 11.15152, 11.15152, 11.63636 ], "texture": "#tt_man" },
				"west": { "uv": [ 9.69697, 10.66667, 10.18182, 11.63636 ], "texture": "#tt_man", "rotation": 270 },
				"east": { "uv": [ 11.15152, 11.63636, 10.66667, 10.66667 ], "texture": "#tt_man", "rotation": 270 }
			}
		},
		{
			"__comment": "Box69",
			"from": [ 10.1818, 8, 5.3333 ],
			"to": [ 11.1515, 9, 10.66663 ],
			"faces": {
				"down": { "uv": [ 10.18182, 10.66667, 11.15152, 5.333333 ], "texture": "#tt_man" },
				"up": { "uv": [ 10.18182, 5.333333, 11.15152, 10.66667 ], "texture": "#tt_man" },
				"north": { "uv": [ 11.15152, 5.333333, 10.18182, 5.818182 ], "texture": "#tt_man" },
				"south": { "uv": [ 10.18182, 10.18182, 11.15152, 10.66667 ], "texture": "#tt_man" },
				"west": { "uv": [ 10.18182, 5.333333, 10.66667, 10.66667 ], "texture": "#tt_man", "rotation": 270 },
				"east": { "uv": [ 11.15152, 10.66667, 10.66667, 5.333333 ], "texture": "#tt_man", "rotation": 270 }
			}
		},
		{
			"__comment": "Box70",
			"from": [ 11.6364, 8, 0.4848 ],
			"to": [ 13.09094, 9, 0.9696485 ],
			"faces": {
				"down": { "uv": [ 11.63636, 0.969697, 13.09091, 0.484848 ], "texture": "#tt_man" },
				"up": { "uv": [ 11.63636, 0.484848, 13.09091, 0.969697 ], "texture": "#tt_man" },
				"north": { "uv": [ 13.09091, 0.484848, 11.63636, 0.969696 ], "texture": "#tt_man" },
				"south": { "uv": [ 11.63636, 0.484848, 13.09091, 0.969697 ], "texture": "#tt_man" },
				"west": { "uv": [ 11.63636, 0.484848, 12.12121, 0.969697 ], "texture": "#tt_man", "rotation": 270 },
				"east": { "uv": [ 13.09091, 0.969697, 12.60606, 0.484848 ], "texture": "#tt_man", "rotation": 270 }
			}
		},
		{
			"__comment": "Box71",
			"from": [ 11.6364, 8, 4.3636 ],
			"to": [ 12.6061, 9, 5.333297 ],
			"faces": {
				"down": { "uv": [ 11.63636, 5.333333, 12.60606, 4.363636 ], "texture": "#tt_man" },
				"up": { "uv": [ 11.63636, 4.363636, 12.60606, 5.333333 ], "texture": "#tt_man" },
				"north": { "uv": [ 12.60606, 4.363636, 11.63636, 4.848484 ], "texture": "#tt_man" },
				"south": { "uv": [ 11.63636, 4.848484, 12.60606, 5.333333 ], "texture": "#tt_man" },
				"west": { "uv": [ 11.63636, 4.363636, 12.12121, 5.333333 ], "texture": "#tt_man", "rotation": 270 },
				"east": { "uv": [ 12.60606, 5.333333, 12.12121, 4.363636 ], "texture": "#tt_man", "rotation": 270 }
			}
		},
		{
			"__comment": "Box72",
			"from": [ 11.6364, 8, 6.303 ],
			"to": [ 15.03034, 9, 6.787848 ],
			"faces": {
				"down": { "uv": [ 11.63636, 6.787879, 15.0303, 6.30303 ], "texture": "#tt_man" },
				"up": { "uv": [ 11.63636, 6.30303, 15.0303, 6.787879 ], "texture": "#tt_man" },
				"north": { "uv": [ 15.0303, 6.30303, 11.63636, 6.787878 ], "texture": "#tt_man" },
				"south": { "uv": [ 11.63636, 6.30303, 15.0303, 6.787879 ], "texture": "#tt_man" },
				"west": { "uv": [ 11.63636, 6.30303, 12.12121, 6.787879 ], "texture": "#tt_man", "rotation": 270 },
				"east": { "uv": [ 15.0303, 6.787879, 14.54545, 6.30303 ], "texture": "#tt_man", "rotation": 270 }
			}
		},
		{
			"__comment": "Box73",
			"from": [ 11.6364, 8, 6.7879 ],
			"to": [ 12.12125, 9, 7.272748 ],
			"faces": {
				"down": { "uv": [ 11.63636, 7.272727, 12.12121, 6.787879 ], "texture": "#tt_man" },
				"up": { "uv": [ 11.63636, 6.787879, 12.12121, 7.272727 ], "texture": "#tt_man" },
				"north": { "uv": [ 12.12121, 6.787879, 11.63636, 7.272728 ], "texture": "#tt_man" },
				"south": { "uv": [ 11.63636, 6.787878, 12.12121, 7.272727 ], "texture": "#tt_man" },
				"west": { "uv": [ 11.63636, 6.787879, 12.12121, 7.272727 ], "texture": "#tt_man", "rotation": 270 },
				"east": { "uv": [ 12.12121, 7.272727, 11.63636, 6.787879 ], "texture": "#tt_man", "rotation": 270 }
			}
		},
		{
			"__comment": "Box74",
			"from": [ 11.6364, 8, 8.7273 ],
			"to": [ 12.12125, 9, 9.696997 ],
			"faces": {
				"down": { "uv": [ 11.63636, 9.69697, 12.12121, 8.727272 ], "texture": "#tt_man" },
				"up": { "uv": [ 11.63636, 8.727272, 12.12121, 9.69697 ], "texture": "#tt_man" },
				"north": { "uv": [ 12.12121, 8.727272, 11.63636, 9.212121 ], "texture": "#tt_man" },
				"south": { "uv": [ 11.63636, 9.212121, 12.12121, 9.69697 ], "texture": "#tt_man" },
				"west": { "uv": [ 11.63636, 8.727272, 12.12121, 9.69697 ], "texture": "#tt_man", "rotation": 270 },
				"east": { "uv": [ 12.12121, 9.69697, 11.63636, 8.727272 ], "texture": "#tt_man", "rotation": 270 }
			}
		},
		{
			"__comment": "Box75",
			"from": [ 11.6364, 8, 10.6667 ],
			"to": [ 13.09094, 9, 11.15155 ],
			"faces": {
				"down": { "uv": [ 11.63636, 11.15152, 13.09091, 10.66667 ], "texture": "#tt_man" },
				"up": { "uv": [ 11.63636, 10.66667, 13.09091, 11.15152 ], "texture": "#tt_man" },
				"north": { "uv": [ 13.09091, 10.66667, 11.63636, 11.15152 ], "texture": "#tt_man" },
				"south": { "uv": [ 11.63636, 10.66667, 13.09091, 11.15152 ], "texture": "#tt_man" },
				"west": { "uv": [ 11.63636, 10.66667, 12.12121, 11.15152 ], "texture": "#tt_man", "rotation": 270 },
				"east": { "uv": [ 13.09091, 11.15152, 12.60606, 10.66667 ], "texture": "#tt_man", "rotation": 270 }
			}
		},
		{
			"__comment": "Box76",
			"from": [ 11.6364, 8, 11.1515 ],
			"to": [ 12.6061, 9, 11.63635 ],
			"faces": {
				"down": { "uv": [ 11.63636, 11.63636, 12.60606, 11.15152 ], "texture": "#tt_man" },
				"up": { "uv": [ 11.63636, 11.15152, 12.60606, 11.63636 ], "texture": "#tt_man" },
				"north": { "uv": [ 12.60606, 11.15152, 11.63636, 11.63636 ], "texture": "#tt_man" },
				"south": { "uv": [ 11.63636, 11.15152, 12.60606, 11.63636 ], "texture": "#tt_man" },
				"west": { "uv": [ 11.63636, 11.15152, 12.12121, 11.63636 ], "texture": "#tt_man", "rotation": 270 },
				"east": { "uv": [ 12.60606, 11.63636, 12.12121, 11.15152 ], "texture": "#tt_man", "rotation": 270 }
			}
		},
		{
			"__comment": "Box77",
			"from": [ 11.6364, 8, 15.0303 ],
			"to": [ 13.09094, 9, 15.51515 ],
			"faces": {
				"down": { "uv": [ 11.63636, 15.51515, 13.09091, 15.0303 ], "texture": "#tt_man" },
				"up": { "uv": [ 11.63636, 15.0303, 13.09091, 15.51515 ], "texture": "#tt_man" },
				"north": { "uv": [ 13.09091, 15.0303, 11.63636, 15.51515 ], "texture": "#tt_man" },
				"south": { "uv": [ 11.63636, 15.0303, 13.09091, 15.51515 ], "texture": "#tt_man" },
				"west": { "uv": [ 11.63636, 15.0303, 12.12121, 15.51515 ], "texture": "#tt_man", "rotation": 270 },
				"east": { "uv": [ 13.09091, 15.51515, 12.60606, 15.0303 ], "texture": "#tt_man", "rotation": 270 }
			}
		},
		{
			"__comment": "Box78",
			"from": [ 12.1212, 8, 0 ],
			"to": [ 12.60605, 9, 0.4848485 ],
			"faces": {
				"down": { "uv": [ 12.12121, 0.484848, 12.60606, 0 ], "texture": "#tt_man" },
				"up": { "uv": [ 12.12121, 0, 12.60606, 0.484848 ], "texture": "#tt_man" },
				"north": { "uv": [ 12.60606, 0, 12.12121, 0.484848 ], "texture": "#tt_man" },
				"south": { "uv": [ 12.12121, 0, 12.60606, 0.484848 ], "texture": "#tt_man" },
				"west": { "uv": [ 12.12121, 0, 12.60606, 0.484848 ], "texture": "#tt_man", "rotation": 270 },
				"east": { "uv": [ 12.60606, 0.484848, 12.12121, 0 ], "texture": "#tt_man", "rotation": 270 }
			}
		},
		{
			"__comment": "Box79",
			"from": [ 12.1212, 8, 5.3333 ],
			"to": [ 15.03029, 9, 6.302997 ],
			"faces": {
				"down": { "uv": [ 12.12121, 6.30303, 15.0303, 5.333333 ], "texture": "#tt_man" },
				"up": { "uv": [ 12.12121, 5.333333, 15.0303, 6.30303 ], "texture": "#tt_man" },
				"north": { "uv": [ 15.0303, 5.333333, 12.12121, 5.818182 ], "texture": "#tt_man" },
				"south": { "uv": [ 12.12121, 5.818182, 15.0303, 6.30303 ], "texture": "#tt_man" },
				"west": { "uv": [ 12.12121, 5.333333, 12.60606, 6.30303 ], "texture": "#tt_man", "rotation": 270 },
				"east": { "uv": [ 15.0303, 6.30303, 14.54545, 5.333333 ], "texture": "#tt_man", "rotation": 270 }
			}
		},
		{
			"__comment": "Box80",
			"from": [ 12.1212, 8, 9.2121 ],
			"to": [ 15.03029, 9, 10.66665 ],
			"faces": {
				"down": { "uv": [ 12.12121, 10.66667, 15.0303, 9.212121 ], "texture": "#tt_man" },
				"up": { "uv": [ 12.12121, 9.212121, 15.0303, 10.66667 ], "texture": "#tt_man" },
				"north": { "uv": [ 15.0303, 9.212121, 12.12121, 9.69697 ], "texture": "#tt_man" },
				"south": { "uv": [ 12.12121, 10.18182, 15.0303, 10.66667 ], "texture": "#tt_man" },
				"west": { "uv": [ 12.12121, 9.212121, 12.60606, 10.66667 ], "texture": "#tt_man", "rotation": 270 },
				"east": { "uv": [ 15.0303, 10.66667, 14.54545, 9.212121 ], "texture": "#tt_man", "rotation": 270 }
			}
		},
		{
			"__comment": "Box81",
			"from": [ 12.1212, 8, 15.5152 ],
			"to": [ 12.60605, 9, 16.00005 ],
			"faces": {
				"down": { "uv": [ 12.12121, 16, 12.60606, 15.51515 ], "texture": "#tt_man" },
				"up": { "uv": [ 12.12121, 15.51515, 12.60606, 16 ], "texture": "#tt_man" },
				"north": { "uv": [ 12.60606, 15.51515, 12.12121, 16 ], "texture": "#tt_man" },
				"south": { "uv": [ 12.12121, 15.51515, 12.60606, 16 ], "texture": "#tt_man" },
				"west": { "uv": [ 12.12121, 15.51515, 12.60606, 16 ], "texture": "#tt_man", "rotation": 270 },
				"east": { "uv": [ 12.60606, 16, 12.12121, 15.51515 ], "texture": "#tt_man", "rotation": 270 }
			}
		},
		{
			"__comment": "Box82",
			"from": [ 12.6061, 8, 4.8485 ],
			"to": [ 13.09095, 9, 9.212136 ],
			"faces": {
				"down": { "uv": [ 12.60606, 9.212121, 13.09091, 4.848485 ], "texture": "#tt_man" },
				"up": { "uv": [ 12.60606, 4.848485, 13.09091, 9.212121 ], "texture": "#tt_man" },
				"north": { "uv": [ 13.09091, 4.848485, 12.60606, 5.333334 ], "texture": "#tt_man" },
				"south": { "uv": [ 12.60606, 8.727272, 13.09091, 9.212121 ], "texture": "#tt_man" },
				"west": { "uv": [ 12.60606, 4.848485, 13.09091, 9.212121 ], "texture": "#tt_man", "rotation": 270 },
				"east": { "uv": [ 13.09091, 9.212121, 12.60606, 4.848485 ], "texture": "#tt_man", "rotation": 270 }
			}
		},
		{
			"__comment": "Box83",
			"from": [ 13.0909, 8, 1.9394 ],
			"to": [ 14.54544, 9, 2.424248 ],
			"faces": {
				"down": { "uv": [ 13.09091, 2.424242, 14.54545, 1.939394 ], "texture": "#tt_man" },
				"up": { "uv": [ 13.09091, 1.939394, 14.54545, 2.424242 ], "texture": "#tt_man" },
				"north": { "uv": [ 14.54545, 1.939394, 13.09091, 2.424242 ], "texture": "#tt_man" },
				"south": { "uv": [ 13.09091, 1.939394, 14.54545, 2.424242 ], "texture": "#tt_man" },
				"west": { "uv": [ 13.09091, 1.939394, 13.57576, 2.424242 ], "texture": "#tt_man", "rotation": 270 },
				"east": { "uv": [ 14.54545, 2.424242, 14.06061, 1.939394 ], "texture": "#tt_man", "rotation": 270 }
			}
		},
		{
			"__comment": "Box84",
			"from": [ 13.0909, 8, 6.7879 ],
			"to": [ 15.51514, 9, 7.272748 ],
			"faces": {
				"down": { "uv": [ 13.09091, 7.272727, 15.51515, 6.787879 ], "texture": "#tt_man" },
				"up": { "uv": [ 13.09091, 6.787879, 15.51515, 7.272727 ], "texture": "#tt_man" },
				"north": { "uv": [ 15.51515, 6.787879, 13.09091, 7.272728 ], "texture": "#tt_man" },
				"south": { "uv": [ 13.09091, 6.787878, 15.51515, 7.272727 ], "texture": "#tt_man" },
				"west": { "uv": [ 13.09091, 6.787879, 13.57576, 7.272727 ], "texture": "#tt_man", "rotation": 270 },
				"east": { "uv": [ 15.51515, 7.272727, 15.0303, 6.787879 ], "texture": "#tt_man", "rotation": 270 }
			}
		},
		{
			"__comment": "Box85",
			"from": [ 13.0909, 8, 7.2727 ],
			"to": [ 14.0606, 9, 9.212093 ],
			"faces": {
				"down": { "uv": [ 13.09091, 9.212121, 14.06061, 7.272727 ], "texture": "#tt_man" },
				"up": { "uv": [ 13.09091, 7.272727, 14.06061, 9.212121 ], "texture": "#tt_man" },
				"north": { "uv": [ 14.06061, 7.272727, 13.09091, 7.757576 ], "texture": "#tt_man" },
				"south": { "uv": [ 13.09091, 8.727272, 14.06061, 9.212121 ], "texture": "#tt_man" },
				"west": { "uv": [ 13.09091, 7.272727, 13.57576, 9.212121 ], "texture": "#tt_man", "rotation": 270 },
				"east": { "uv": [ 14.06061, 9.212121, 13.57576, 7.272727 ], "texture": "#tt_man", "rotation": 270 }
			}
		},
		{
			"__comment": "Box86",
			"from": [ 13.0909, 8, 13.5758 ],
			"to": [ 14.54544, 9, 14.06065 ],
			"faces": {
				"down": { "uv": [ 13.09091, 14.06061, 14.54545, 13.57576 ], "texture": "#tt_man" },
				"up": { "uv": [ 13.09091, 13.57576, 14.54545, 14.06061 ], "texture": "#tt_man" },
				"north": { "uv": [ 14.54545, 13.57576, 13.09091, 14.06061 ], "texture": "#tt_man" },
				"south": { "uv": [ 13.09091, 13.57576, 14.54545, 14.06061 ], "texture": "#tt_man" },
				"west": { "uv": [ 13.09091, 13.57576, 13.57576, 14.06061 ], "texture": "#tt_man", "rotation": 270 },
				"east": { "uv": [ 14.54545, 14.06061, 14.06061, 13.57576 ], "texture": "#tt_man", "rotation": 270 }
			}
		},
		{
			"__comment": "Box87",
			"from": [ 13.5758, 8, 2.4242 ],
			"to": [ 15.03035, 9, 2.909048 ],
			"faces": {
				"down": { "uv": [ 13.57576, 2.909091, 15.0303, 2.424242 ], "texture": "#tt_man" },
				"up": { "uv": [ 13.57576, 2.424242, 15.0303, 2.909091 ], "texture": "#tt_man" },
				"north": { "uv": [ 15.0303, 2.424242, 13.57576, 2.90909 ], "texture": "#tt_man" },
				"south": { "uv": [ 13.57576, 2.424242, 15.0303, 2.909091 ], "texture": "#tt_man" },
				"west": { "uv": [ 13.57576, 2.424242, 14.06061, 2.909091 ], "texture": "#tt_man", "rotation": 270 },
				"east": { "uv": [ 15.0303, 2.909091, 14.54545, 2.424242 ], "texture": "#tt_man", "rotation": 270 }
			}
		},
		{
			"__comment": "Box88",
			"from": [ 13.5758, 8, 3.8788 ],
			"to": [ 15.51519, 9, 4.363648 ],
			"faces": {
				"down": { "uv": [ 13.57576, 4.363636, 15.51515, 3.878788 ], "texture": "#tt_man" },
				"up": { "uv": [ 13.57576, 3.878788, 15.51515, 4.363636 ], "texture": "#tt_man" },
				"north": { "uv": [ 15.51515, 3.878788, 13.57576, 4.363636 ], "texture": "#tt_man" },
				"south": { "uv": [ 13.57576, 3.878788, 15.51515, 4.363636 ], "texture": "#tt_man" },
				"west": { "uv": [ 13.57576, 3.878788, 14.06061, 4.363636 ], "texture": "#tt_man", "rotation": 270 },
				"east": { "uv": [ 15.51515, 4.363636, 15.0303, 3.878788 ], "texture": "#tt_man", "rotation": 270 }
			}
		},
		{
			"__comment": "Box89",
			"from": [ 13.5758, 8, 4.3636 ],
			"to": [ 15.03035, 9, 5.333297 ],
			"faces": {
				"down": { "uv": [ 13.57576, 5.333333, 15.0303, 4.363636 ], "texture": "#tt_man" },
				"up": { "uv": [ 13.57576, 4.363636, 15.0303, 5.333333 ], "texture": "#tt_man" },
				"north": { "uv": [ 15.0303, 4.363636, 13.57576, 4.848484 ], "texture": "#tt_man" },
				"south": { "uv": [ 13.57576, 4.848484, 15.0303, 5.333333 ], "texture": "#tt_man" },
				"west": { "uv": [ 13.57576, 4.363636, 14.06061, 5.333333 ], "texture": "#tt_man", "rotation": 270 },
				"east": { "uv": [ 15.0303, 5.333333, 14.54545, 4.363636 ], "texture": "#tt_man", "rotation": 270 }
			}
		},
		{
			"__comment": "Box90",
			"from": [ 13.5758, 8, 10.6667 ],
			"to": [ 15.03035, 9, 12.12124 ],
			"faces": {
				"down": { "uv": [ 13.57576, 12.12121, 15.0303, 10.66667 ], "texture": "#tt_man" },
				"up": { "uv": [ 13.57576, 10.66667, 15.0303, 12.12121 ], "texture": "#tt_man" },
				"north": { "uv": [ 15.0303, 10.66667, 13.57576, 11.15152 ], "texture": "#tt_man" },
				"south": { "uv": [ 13.57576, 11.63636, 15.0303, 12.12121 ], "texture": "#tt_man" },
				"west": { "uv": [ 13.57576, 10.66667, 14.06061, 12.12121 ], "texture": "#tt_man", "rotation": 270 },
				"east": { "uv": [ 15.0303, 12.12121, 14.54545, 10.66667 ], "texture": "#tt_man", "rotation": 270 }
			}
		},
		{
			"__comment": "Box91",
			"from": [ 13.5758, 8, 13.0909 ],
			"to": [ 15.03035, 9, 13.57575 ],
			"faces": {
				"down": { "uv": [ 13.57576, 13.57576, 15.0303, 13.09091 ], "texture": "#tt_man" },
				"up": { "uv": [ 13.57576, 13.09091, 15.0303, 13.57576 ], "texture": "#tt_man" },
				"north": { "uv": [ 15.0303, 13.09091, 13.57576, 13.57576 ], "texture": "#tt_man" },
				"south": { "uv": [ 13.57576, 13.09091, 15.0303, 13.57576 ], "texture": "#tt_man" },
				"west": { "uv": [ 13.57576, 13.09091, 14.06061, 13.57576 ], "texture": "#tt_man", "rotation": 270 },
				"east": { "uv": [ 15.0303, 13.57576, 14.54545, 13.09091 ], "texture": "#tt_man", "rotation": 270 }
			}
		},
		{
			"__comment": "Box92",
			"from": [ 14.0606, 8, 2.9091 ],
			"to": [ 15.51514, 9, 3.878797 ],
			"faces": {
				"down": { "uv": [ 14.06061, 3.878788, 15.51515, 2.909091 ], "texture": "#tt_man" },
				"up": { "uv": [ 14.06061, 2.909091, 15.51515, 3.878788 ], "texture": "#tt_man" },
				"north": { "uv": [ 15.51515, 2.909091, 14.06061, 3.39394 ], "texture": "#tt_man" },
				"south": { "uv": [ 14.06061, 3.39394, 15.51515, 3.878788 ], "texture": "#tt_man" },
				"west": { "uv": [ 14.06061, 2.909091, 14.54545, 3.878788 ], "texture": "#tt_man", "rotation": 270 },
				"east": { "uv": [ 15.51515, 3.878788, 15.0303, 2.909091 ], "texture": "#tt_man", "rotation": 270 }
			}
		},
		{
			"__comment": "Box93",
			"from": [ 14.0606, 8, 8.7273 ],
			"to": [ 15.51514, 9, 9.212149 ],
			"faces": {
				"down": { "uv": [ 14.06061, 9.212121, 15.51515, 8.727272 ], "texture": "#tt_man" },
				"up": { "uv": [ 14.06061, 8.727272, 15.51515, 9.212121 ], "texture": "#tt_man" },
				"north": { "uv": [ 15.51515, 8.727272, 14.06061, 9.212121 ], "texture": "#tt_man" },
				"south": { "uv": [ 14.06061, 8.727272, 15.51515, 9.212121 ], "texture": "#tt_man" },
				"west": { "uv": [ 14.06061, 8.727272, 14.54545, 9.212121 ], "texture": "#tt_man", "rotation": 270 },
				"east": { "uv": [ 15.51515, 9.212121, 15.0303, 8.727272 ], "texture": "#tt_man", "rotation": 270 }
			}
		},
		{
			"__comment": "Box94",
			"from": [ 14.0606, 8, 12.1212 ],
			"to": [ 15.99999, 9, 12.60605 ],
			"faces": {
				"down": { "uv": [ 14.06061, 12.60606, 16, 12.12121 ], "texture": "#tt_man" },
				"up": { "uv": [ 14.06061, 12.12121, 16, 12.60606 ], "texture": "#tt_man" },
				"north": { "uv": [ 16, 12.12121, 14.06061, 12.60606 ], "texture": "#tt_man" },
				"south": { "uv": [ 14.06061, 12.12121, 16, 12.60606 ], "texture": "#tt_man" },
				"west": { "uv": [ 14.06061, 12.12121, 14.54545, 12.60606 ], "texture": "#tt_man", "rotation": 270 },
				"east": { "uv": [ 16, 12.60606, 15.51515, 12.12121 ], "texture": "#tt_man", "rotation": 270 }
			}
		},
		{
			"__comment": "Box95",
			"from": [ 14.0606, 8, 12.6061 ],
			"to": [ 15.51514, 9, 13.09095 ],
			"faces": {
				"down": { "uv": [ 14.06061, 13.09091, 15.51515, 12.60606 ], "texture": "#tt_man" },
				"up": { "uv": [ 14.06061, 12.60606, 15.51515, 13.09091 ], "texture": "#tt_man" },
				"north": { "uv": [ 15.51515, 12.60606, 14.06061, 13.09091 ], "texture": "#tt_man" },
				"south": { "uv": [ 14.06061, 12.60606, 15.51515, 13.09091 ], "texture": "#tt_man" },
				"west": { "uv": [ 14.06061, 12.60606, 14.54545, 13.09091 ], "texture": "#tt_man", "rotation": 270 },
				"east": { "uv": [ 15.51515, 13.09091, 15.0303, 12.60606 ], "texture": "#tt_man", "rotation": 270 }
			}
		},
		{
			"__comment": "Box96",
			"from": [ 14.5455, 8, 7.2727 ],
			"to": [ 16.00005, 9, 8.727245 ],
			"faces": {
				"down": { "uv": [ 14.54545, 8.727272, 16, 7.272727 ], "texture": "#tt_man" },
				"up": { "uv": [ 14.54545, 7.272727, 16, 8.727272 ], "texture": "#tt_man" },
				"north": { "uv": [ 16, 7.272727, 14.54545, 7.757576 ], "texture": "#tt_man" },
				"south": { "uv": [ 14.54545, 8.242424, 16, 8.727272 ], "texture": "#tt_man" },
				"west": { "uv": [ 14.54545, 7.272727, 15.0303, 8.727272 ], "texture": "#tt_man", "rotation": 270 },
				"east": { "uv": [ 16, 8.727272, 15.51515, 7.272727 ], "texture": "#tt_man", "rotation": 270 }
			}
		},
		{
			"__comment": "Box97",
			"from": [ 15.0303, 8, 11.6364 ],
			"to": [ 15.51515, 9, 12.12125 ],
			"faces": {
				"down": { "uv": [ 15.0303, 12.12121, 15.51515, 11.63636 ], "texture": "#tt_man" },
				"up": { "uv": [ 15.0303, 11.63636, 15.51515, 12.12121 ], "texture": "#tt_man" },
				"north": { "uv": [ 15.51515, 11.63636, 15.0303, 12.12121 ], "texture": "#tt_man" },
				"south": { "uv": [ 15.0303, 11.63636, 15.51515, 12.12121 ], "texture": "#tt_man" },
				"west": { "uv": [ 15.0303, 11.63636, 15.51515, 12.12121 ], "texture": "#tt_man", "rotation": 270 },
				"east": { "uv": [ 15.51515, 12.12121, 15.0303, 11.63636 ], "texture": "#tt_man", "rotation": 270 }
			}
		},
		{
			"__comment": "Box98",
			"from": [ 15.5152, 8, 3.3939 ],
			"to": [ 16.00005, 9, 3.878748 ],
			"faces": {
				"down": { "uv": [ 15.51515, 3.878788, 16, 3.393939 ], "texture": "#tt_man" },
				"up": { "uv": [ 15.51515, 3.393939, 16, 3.878788 ], "texture": "#tt_man" },
				"north": { "uv": [ 16, 3.393939, 15.51515, 3.878788 ], "texture": "#tt_man" },
				"south": { "uv": [ 15.51515, 3.39394, 16, 3.878788 ], "texture": "#tt_man" },
				"west": { "uv": [ 15.51515, 3.393939, 16, 3.878788 ], "texture": "#tt_man", "rotation": 270 },
				"east": { "uv": [ 16, 3.878788, 15.51515, 3.393939 ], "texture": "#tt_man", "rotation": 270 }
			}
		}
	],
	"display": {
		"thirdperson_righthand": {
			"rotation":  [ -34, 180, 35 ],
			"translation":  [ 0.6956, -0.695, 0.6956 ],
			"scale":  [ 0.5, 1, 0.5 ]
		},
		"thirdperson_lefthand": {
			"rotation":  [ -34, 180, 35 ],
			"translation":  [ 0.6956, -0.695, 0.6956 ],
			"scale":  [ 0.5, 1, 0.5 ]
		},
		"firstperson_righthand": {
			"rotation":  [ 61, 0, 66 ],
			"translation":  [ 3.4782, 0.6956, 0 ],
			"scale":  [ 0.8, 1, 0.8 ]
		},
		"firstperson_lefthand": {
			"rotation":  [ 61, 0, 66 ],
			"translation":  [ 3.4782, 0.6956, 0 ],
			"scale":  [ 0.8, 1, 0.8 ]
		},
		"gui": {
			"rotation":  [ 100, 0, 17 ]
		},
		"head": {
			"rotation":  [ 104, 0, 0 ],
			"translation":  [ 0, 3.4782, 11.13 ],
			"scale":  [ 2, 2, 2 ]
		},
		"ground": {
			"rotation":  [ 56, 0, 0 ],
			"translation":  [ 0, 8.3478, 0 ],
			"scale":  [ 1, 1.5, 1 ]
		},
		"fixed": {
			"rotation":  [ 90, 0, 135 ],
			"translation":  [ -45, 80, 5 ],
			"scale":  [ 3, 3, 3 ]
		}
	}
}