{
	"__comment": "Designed by Zeibo with Cubik Studio - https://cubik.studio",
	"textures": {
		"texture1": "skill/stun_1_e"
	},
	"elements": [ 	 
		{
			"__comment": "PlaneZ14",
			"from": [ 6.5, 6.75, 0 ],
			"to": [ 9.5, 9.25, 0.001 ],
			"faces": {
				"north": { "uv": [ 8, 0, 0, 8 ], "texture": "#texture1" },
				"south": { "uv": [ 0, 0, 8, 8 ], "texture": "#texture1" }
			}
		},
		{
			"__comment": "PlaneZ14",
			"from": [ 9.5, 6.75, 0 ],
			"to": [ 12.5, 9.25, 0.001 ],
			"rotation": { "origin": [ 9.5, 6.75, 0 ], "axis": "y", "angle": -22.5 },
			"faces": {
				"north": { "uv": [ 16, 0, 8, 8 ], "texture": "#texture1" },
				"south": { "uv": [ 8, 0, 16, 8 ], "texture": "#texture1" }
			}
		},
		{
			"__comment": "PlaneZ14",
			"from": [ 12.25, 6.75, 1.125 ],
			"to": [ 15.25, 9.25, 1.126 ],
			"rotation": { "origin": [ 12.25, 6.75, 1.125 ], "axis": "y", "angle": -45 },
			"faces": {
				"north": { "uv": [ 8, 8, 0, 16 ], "texture": "#texture1" },
				"south": { "uv": [ 0, 8, 8, 16 ], "texture": "#texture1" }
			}
		},
		{
			"__comment": "PlaneZ14",
			"from": [ 14.374, 6.75, 3.25 ],
			"to": [ 14.375, 9.25, 6.25 ],
			"rotation": { "origin": [ 14.375, 6.75, 3.25 ], "axis": "y", "angle": 22.5 },
			"faces": {
				"west": { "uv": [ 8, 8, 16, 16 ], "texture": "#texture1" },
				"east": { "uv": [ 16, 8, 8, 16 ], "texture": "#texture1" }
			}
		},
		{
			"__comment": "PlaneZ14",
			"from": [ 15.499, 6.75, 6 ],
			"to": [ 15.5, 9.25, 9 ],
			"faces": {
				"west": { "uv": [ 0, 0, 8, 8 ], "texture": "#texture1" },
				"east": { "uv": [ 8, 0, 0, 8 ], "texture": "#texture1" }
			}
		},
		{
			"__comment": "PlaneZ14",
			"from": [ 15.499, 6.75, 9 ],
			"to": [ 15.5, 9.25, 12 ],
			"rotation": { "origin": [ 15.5, 6.75, 8.999999 ], "axis": "y", "angle": -22.5 },
			"faces": {
				"west": { "uv": [ 8, 0, 16, 8 ], "texture": "#texture1" },
				"east": { "uv": [ 16, 0, 8, 8 ], "texture": "#texture1" }
			}
		},
		{
			"__comment": "PlaneZ14",
			"from": [ 14.374, 6.75, 11.75 ],
			"to": [ 14.375, 9.25, 14.75 ],
			"rotation": { "origin": [ 14.375, 6.75, 11.75 ], "axis": "y", "angle": -45 },
			"faces": {
				"west": { "uv": [ 0, 8, 8, 16 ], "texture": "#texture1" },
				"east": { "uv": [ 8, 8, 0, 16 ], "texture": "#texture1" }
			}
		},
		{
			"__comment": "PlaneZ14",
			"from": [ 9.25, 6.75, 13.874 ],
			"to": [ 12.25, 9.25, 13.875 ],
			"rotation": { "origin": [ 12.25, 6.75, 13.875 ], "axis": "y", "angle": 22.5 },
			"faces": {
				"north": { "uv": [ 8, 8, 16, 16 ], "texture": "#texture1" },
				"south": { "uv": [ 16, 8, 8, 16 ], "texture": "#texture1" }
			}
		},
		{
			"__comment": "PlaneZ14",
			"from": [ 6.5, 6.75, 14.999 ],
			"to": [ 9.5, 9.25, 15 ],
			"faces": {
				"north": { "uv": [ 0, 0, 8, 8 ], "texture": "#texture1" },
				"south": { "uv": [ 8, 0, 0, 8 ], "texture": "#texture1" }
			}
		},
		{
			"__comment": "PlaneZ14",
			"from": [ 3.5, 6.75, 14.999 ],
			"to": [ 6.5, 9.25, 15 ],
			"rotation": { "origin": [ 6.500001, 6.75, 15 ], "axis": "y", "angle": -22.5 },
			"faces": {
				"north": { "uv": [ 8, 0, 16, 8 ], "texture": "#texture1" },
				"south": { "uv": [ 16, 0, 8, 8 ], "texture": "#texture1" }
			}
		},
		{
			"__comment": "PlaneZ14",
			"from": [ 0.75, 6.75, 13.874 ],
			"to": [ 3.75, 9.25, 13.875 ],
			"rotation": { "origin": [ 3.750001, 6.75, 13.875 ], "axis": "y", "angle": -45 },
			"faces": {
				"north": { "uv": [ 0, 8, 8, 16 ], "texture": "#texture1" },
				"south": { "uv": [ 8, 8, 0, 16 ], "texture": "#texture1" }
			}
		},
		{
			"__comment": "PlaneZ14",
			"from": [ 1.625, 6.75, 8.75 ],
			"to": [ 1.626, 9.25, 11.75 ],
			"rotation": { "origin": [ 1.625, 6.75, 11.75 ], "axis": "y", "angle": 22.5 },
			"faces": {
				"west": { "uv": [ 16, 8, 8, 16 ], "texture": "#texture1" },
				"east": { "uv": [ 8, 8, 16, 16 ], "texture": "#texture1" }
			}
		},
		{
			"__comment": "PlaneZ14",
			"from": [ 3.75, 6.75, 1.125 ],
			"to": [ 6.75, 9.25, 1.126 ],
			"rotation": { "origin": [ 3.75, 6.75, 1.125001 ], "axis": "y", "angle": 22.5 },
			"faces": {
				"north": { "uv": [ 16, 8, 8, 16 ], "texture": "#texture1" },
				"south": { "uv": [ 8, 8, 16, 16 ], "texture": "#texture1" }
			}
		},
		{
			"__comment": "PlaneZ14",
			"from": [ 0.5, 6.75, 6 ],
			"to": [ 0.501, 9.25, 9 ],
			"faces": {
				"west": { "uv": [ 8, 0, 0, 8 ], "texture": "#texture1" },
				"east": { "uv": [ 0, 0, 8, 8 ], "texture": "#texture1" }
			}
		},
		{
			"__comment": "PlaneZ14",
			"from": [ 0.5, 6.75, 3 ],
			"to": [ 0.501, 9.25, 6 ],
			"rotation": { "origin": [ 0.5000005, 6.75, 6.000002 ], "axis": "y", "angle": -22.5 },
			"faces": {
				"west": { "uv": [ 16, 0, 8, 8 ], "texture": "#texture1" },
				"east": { "uv": [ 8, 0, 16, 8 ], "texture": "#texture1" }
			}
		},
		{
			"__comment": "PlaneZ14",
			"from": [ 1.625, 6.75, 0.25 ],
			"to": [ 1.626, 9.25, 3.25 ],
			"rotation": { "origin": [ 1.625, 6.75, 3.250001 ], "axis": "y", "angle": -45 },
			"faces": {
				"west": { "uv": [ 8, 8, 0, 16 ], "texture": "#texture1" },
				"east": { "uv": [ 0, 8, 8, 16 ], "texture": "#texture1" }
			}
		},
		{
			"__comment": "Box34",
			"from": [ 6.875, 7, -1 ],
			"to": [ 8.875, 9, 1 ],
			"faces": {
				"down": { "uv": [ 6, 2, 12, 6 ], "texture": "#texture1" },
				"up": { "uv": [ 6, 2, 12, 6 ], "texture": "#texture1" },
				"north": { "uv": [ 6, 2, 12, 6 ], "texture": "#texture1" },
				"south": { "uv": [ 6, 2, 12, 6 ], "texture": "#texture1" },
				"west": { "uv": [ 6, 2, 12, 6 ], "texture": "#texture1" },
				"east": { "uv": [ 6, 2, 12, 6 ], "texture": "#texture1" }
			}
		},
		{
			"__comment": "Box34",
			"from": [ 14.5, 7, 6 ],
			"to": [ 16.5, 9, 8 ],
			"faces": {
				"down": { "uv": [ 6, 2, 12, 6 ], "texture": "#texture1" },
				"up": { "uv": [ 6, 2, 12, 6 ], "texture": "#texture1" },
				"north": { "uv": [ 6, 2, 12, 6 ], "texture": "#texture1" },
				"south": { "uv": [ 6, 2, 12, 6 ], "texture": "#texture1" },
				"west": { "uv": [ 6, 2, 12, 6 ], "texture": "#texture1" },
				"east": { "uv": [ 6, 2, 12, 6 ], "texture": "#texture1" }
			}
		},
		{
			"__comment": "Box34",
			"from": [ 7.125, 7, 14 ],
			"to": [ 9.125, 9, 16 ],
			"faces": {
				"down": { "uv": [ 6, 2, 12, 6 ], "texture": "#texture1", "rotation": 180 },
				"up": { "uv": [ 6, 2, 12, 6 ], "texture": "#texture1", "rotation": 180 },
				"north": { "uv": [ 6, 2, 12, 6 ], "texture": "#texture1" },
				"south": { "uv": [ 6, 2, 12, 6 ], "texture": "#texture1" },
				"west": { "uv": [ 6, 2, 12, 6 ], "texture": "#texture1" },
				"east": { "uv": [ 6, 2, 12, 6 ], "texture": "#texture1" }
			}
		},
		{
			"__comment": "Box34",
			"from": [ -0.5, 7, 6.75 ],
			"to": [ 1.5, 9, 8.75 ],
			"faces": {
				"down": { "uv": [ 6, 2, 12, 6 ], "texture": "#texture1", "rotation": 180 },
				"up": { "uv": [ 6, 2, 12, 6 ], "texture": "#texture1", "rotation": 180 },
				"north": { "uv": [ 6, 2, 12, 6 ], "texture": "#texture1" },
				"south": { "uv": [ 6, 2, 12, 6 ], "texture": "#texture1" },
				"west": { "uv": [ 6, 2, 12, 6 ], "texture": "#texture1" },
				"east": { "uv": [ 6, 2, 12, 6 ], "texture": "#texture1" }
			}
		}
	],
	"display": {
		"head": {
			"translation":  [ 0, 11, 0 ],
			"scale":  [ 2, 2, 2 ]
		}
	}
}