{
	"__comment": "Designed by Zeibo with Cubik Studio - https://cubik.studio",
	"textures": {
		"particle": "block/spruce_planks",
		"texture": "block/spruce_planks"
	},
	"elements": [ 	 
		{
			"__comment": "Box2",
			"from": [ -0.5, 15.5, 15.5 ],
			"to": [ 15.5, 16.5, 16.5 ],
			"faces": {
				"down": { "uv": [ 0, 0, 15.5, 0.5 ], "texture": "#texture" },
				"up": { "uv": [ 0, 15.5, 15.5, 16 ], "texture": "#texture" },
				"north": { "uv": [ 0.5, 0, 16, 0.5 ], "texture": "#texture" },
				"south": { "uv": [ 0, 0, 15.5, 0.5 ], "texture": "#texture" },
				"west": { "uv": [ 15.5, 0, 16, 0.5 ], "texture": "#texture" },
				"east": { "uv": [ 0, 0, 0.5, 0.5 ], "texture": "#texture" }
			}
		},
		{
			"__comment": "Box2",
			"from": [ 0.5, 15.5, -0.5 ],
			"to": [ 16.5, 16.5, 0.5 ],
			"faces": {
				"down": { "uv": [ 16, 0.5, 0, 0 ], "texture": "#texture" },
				"up": { "uv": [ 0, 0, 16, 0.5 ], "texture": "#texture" },
				"north": { "uv": [ 16, 16, 0, 15.5 ], "texture": "#texture" },
				"south": { "uv": [ 0, 0, 16, 0.5 ], "texture": "#texture" },
				"west": { "uv": [ 15.5, 0, 16, 0.5 ], "texture": "#texture", "rotation": 270 },
				"east": { "uv": [ 0, 0, 0.5, 0.5 ], "texture": "#texture", "rotation": 90 }
			}
		},
		{
			"__comment": "Box2",
			"from": [ -0.5, 15.5, -0.5 ],
			"to": [ 0.5, 16.5, 15.5 ],
			"faces": {
				"down": { "uv": [ 0, 0, 16, 0.5 ], "texture": "#texture", "rotation": 270 },
				"up": { "uv": [ 0, 15.5, 16, 16 ], "texture": "#texture", "rotation": 90 },
				"north": { "uv": [ 15.5, 0, 16, 0.5 ], "texture": "#texture" },
				"south": { "uv": [ 0, 0, 0.5, 0.5 ], "texture": "#texture" },
				"west": { "uv": [ 0, 0, 16, 0.5 ], "texture": "#texture" },
				"east": { "uv": [ 0, 0, 16, 0.5 ], "texture": "#texture" }
			}
		},
		{
			"__comment": "Box2",
			"from": [ 15.5, 15.5, 0.5 ],
			"to": [ 16.5, 16.5, 16.5 ],
			"faces": {
				"down": { "uv": [ 16, 0.5, 0, 0 ], "texture": "#texture", "rotation": 270 },
				"up": { "uv": [ 0, 0, 16, 0.5 ], "texture": "#texture", "rotation": 90 },
				"north": { "uv": [ 15.5, 0, 16, 0.5 ], "texture": "#texture", "rotation": 270 },
				"south": { "uv": [ 0, 0, 0.5, 0.5 ], "texture": "#texture", "rotation": 90 },
				"west": { "uv": [ 0, 0, 16, 0.5 ], "texture": "#texture" },
				"east": { "uv": [ 16, 16, 0, 15.5 ], "texture": "#texture" }
			}
		},
		{
			"__comment": "Box2",
			"from": [ -0.5, -0.5, 15.5 ],
			"to": [ 15.5, 0.5, 16.5 ],
			"faces": {
				"down": { "uv": [ 0, 0, 15.5, 0.5 ], "texture": "#texture" },
				"up": { "uv": [ 0, 15.5, 15.5, 16 ], "texture": "#texture" },
				"north": { "uv": [ 0.5, 15.5, 16, 16 ], "texture": "#texture" },
				"south": { "uv": [ 0, 15.5, 15.5, 16 ], "texture": "#texture" },
				"west": { "uv": [ 15.5, 15.5, 16, 16 ], "texture": "#texture" },
				"east": { "uv": [ 0, 15.5, 0.5, 16 ], "texture": "#texture" }
			}
		},
		{
			"__comment": "Box2",
			"from": [ 0.5, -0.5, -0.5 ],
			"to": [ 16.5, 0.5, 0.5 ],
			"faces": {
				"down": { "uv": [ 16, 0.5, 0, 0 ], "texture": "#texture" },
				"up": { "uv": [ 0, 0, 16, 0.5 ], "texture": "#texture" },
				"north": { "uv": [ 16, 16, 0, 15.5 ], "texture": "#texture" },
				"south": { "uv": [ 0, 0, 16, 0.5 ], "texture": "#texture" },
				"west": { "uv": [ 15.5, 0, 16, 0.5 ], "texture": "#texture", "rotation": 270 },
				"east": { "uv": [ 0, 0, 0.5, 0.5 ], "texture": "#texture", "rotation": 90 }
			}
		},
		{
			"__comment": "Box2",
			"from": [ -0.5, -0.5, -0.5 ],
			"to": [ 0.5, 0.5, 15.5 ],
			"faces": {
				"down": { "uv": [ 0, 0, 16, 0.5 ], "texture": "#texture", "rotation": 270 },
				"up": { "uv": [ 0, 15.5, 16, 16 ], "texture": "#texture", "rotation": 90 },
				"north": { "uv": [ 15.5, 0, 16, 0.5 ], "texture": "#texture" },
				"south": { "uv": [ 0, 0, 0.5, 0.5 ], "texture": "#texture" },
				"west": { "uv": [ 0, 0, 16, 0.5 ], "texture": "#texture" },
				"east": { "uv": [ 0, 0, 16, 0.5 ], "texture": "#texture" }
			}
		},
		{
			"__comment": "Box2",
			"from": [ 15.5, -0.5, 0.5 ],
			"to": [ 16.5, 0.5, 16.5 ],
			"faces": {
				"down": { "uv": [ 16, 0.5, 0, 0 ], "texture": "#texture", "rotation": 270 },
				"up": { "uv": [ 0, 0, 16, 0.5 ], "texture": "#texture", "rotation": 90 },
				"north": { "uv": [ 15.5, 0, 16, 0.5 ], "texture": "#texture", "rotation": 270 },
				"south": { "uv": [ 0, 0, 0.5, 0.5 ], "texture": "#texture", "rotation": 90 },
				"west": { "uv": [ 0, 0, 16, 0.5 ], "texture": "#texture" },
				"east": { "uv": [ 16, 16, 0, 15.5 ], "texture": "#texture" }
			}
		},
		{
			"__comment": "Box19",
			"from": [ 15.5, 0.5, -0.5 ],
			"to": [ 16.5, 15.5, 0.5 ],
			"faces": {
				"down": { "uv": [ 15.5, 15.5, 16, 16 ], "texture": "#texture" },
				"up": { "uv": [ 15.5, 0, 16, 0.5 ], "texture": "#texture" },
				"north": { "uv": [ 0, 0.5, 0.5, 15.5 ], "texture": "#texture" },
				"south": { "uv": [ 15.5, 0.5, 16, 15.5 ], "texture": "#texture" },
				"west": { "uv": [ 0, 0.5, 0.5, 15.5 ], "texture": "#texture" },
				"east": { "uv": [ 15.5, 0.5, 16, 15.5 ], "texture": "#texture" }
			}
		},
		{
			"__comment": "Box19",
			"from": [ -0.5, 0.5, -0.5 ],
			"to": [ 0.5, 15.5, 0.5 ],
			"faces": {
				"down": { "uv": [ 0, 15.5, 0.5, 16 ], "texture": "#texture" },
				"up": { "uv": [ 0, 0, 0.5, 0.5 ], "texture": "#texture" },
				"north": { "uv": [ 15.5, 0.5, 16, 15.5 ], "texture": "#texture" },
				"south": { "uv": [ 0, 0.5, 0.5, 15.5 ], "texture": "#texture" },
				"west": { "uv": [ 0, 0.5, 0.5, 15.5 ], "texture": "#texture" },
				"east": { "uv": [ 15.5, 0.5, 16, 15.5 ], "texture": "#texture" }
			}
		},
		{
			"__comment": "Box19",
			"from": [ 15.5, 0.5, 15.375 ],
			"to": [ 16.5, 15.5, 16.375 ],
			"faces": {
				"down": { "uv": [ 15.5, 0, 16, 0.625 ], "texture": "#texture" },
				"up": { "uv": [ 15.5, 15.375, 16, 16 ], "texture": "#texture" },
				"north": { "uv": [ 0, 0.5, 0.5, 15.5 ], "texture": "#texture" },
				"south": { "uv": [ 15.5, 0.5, 16, 15.5 ], "texture": "#texture" },
				"west": { "uv": [ 15.375, 0.5, 16, 15.5 ], "texture": "#texture" },
				"east": { "uv": [ 0, 0.5, 0.625, 15.5 ], "texture": "#texture" }
			}
		},
		{
			"__comment": "Box19",
			"from": [ -0.5, 0.5, 15.375 ],
			"to": [ 0.5, 15.5, 16.375 ],
			"faces": {
				"down": { "uv": [ 0, 0, 0.5, 0.625 ], "texture": "#texture" },
				"up": { "uv": [ 0, 15.375, 0.5, 16 ], "texture": "#texture" },
				"north": { "uv": [ 15.5, 0.5, 16, 15.5 ], "texture": "#texture" },
				"south": { "uv": [ 0, 0.5, 0.5, 15.5 ], "texture": "#texture" },
				"west": { "uv": [ 15.375, 0.5, 16, 15.5 ], "texture": "#texture" },
				"east": { "uv": [ 0, 0.5, 0.625, 15.5 ], "texture": "#texture" }
			}
		},
		{
			"__comment": "Box23",
			"from": [ 17.125, -0.25, -11.75 ],
			"to": [ 18.625, 0.75, 9.75 ],
			"rotation": { "origin": [ 23.75, -0.25, 15.375 ], "axis": "y", "angle": 45 },
			"faces": {
				"down": { "uv": [ 10.5, 0, 11.5, 16 ], "texture": "#texture", "rotation": 180 },
				"up": { "uv": [ 10.5, 0, 11.5, 16 ], "texture": "#texture", "rotation": 180 },
				"north": { "uv": [ 10.5, 15, 11.5, 16 ], "texture": "#texture" },
				"south": { "uv": [ 4.5, 15, 5.5, 16 ], "texture": "#texture" },
				"west": { "uv": [ 0, 15, 16, 16 ], "texture": "#texture" },
				"east": { "uv": [ 0, 15, 16, 16 ], "texture": "#texture" }
			}
		},
		{
			"__comment": "Box23",
			"from": [ -6.0001, -0.25, -3.375 ],
			"to": [ -4.5001, 0.75, 18.125 ],
			"rotation": { "origin": [ 0.625, -0.25, 23.75 ], "axis": "y", "angle": -45 },
			"faces": {
				"down": { "uv": [ 10.5, 0, 11.5, 16 ], "texture": "#texture", "rotation": 180 },
				"up": { "uv": [ 10.5, 0, 11.5, 16 ], "texture": "#texture", "rotation": 180 },
				"north": { "uv": [ 10.5, 15, 11.5, 16 ], "texture": "#texture" },
				"south": { "uv": [ 4.5, 15, 5.5, 16 ], "texture": "#texture" },
				"west": { "uv": [ 0, 15, 16, 16 ], "texture": "#texture" },
				"east": { "uv": [ 0, 15, 16, 16 ], "texture": "#texture" }
			}
		},
		{
			"__comment": "Box23",
			"from": [ 17.125, 15.25, -11.75 ],
			"to": [ 18.625, 16.25, 9.75 ],
			"rotation": { "origin": [ 23.75, 15.25, 15.375 ], "axis": "y", "angle": 45 },
			"faces": {
				"down": { "uv": [ 10.5, 0, 11.5, 16 ], "texture": "#texture", "rotation": 180 },
				"up": { "uv": [ 10.5, 0, 11.5, 16 ], "texture": "#texture", "rotation": 180 },
				"north": { "uv": [ 10.5, 15, 11.5, 16 ], "texture": "#texture" },
				"south": { "uv": [ 4.5, 15, 5.5, 16 ], "texture": "#texture" },
				"west": { "uv": [ 0, 15, 16, 16 ], "texture": "#texture" },
				"east": { "uv": [ 0, 15, 16, 16 ], "texture": "#texture" }
			}
		},
		{
			"__comment": "Box23",
			"from": [ -6.0001, 15.25, -3.375 ],
			"to": [ -4.5001, 16.25, 18.125 ],
			"rotation": { "origin": [ 0.625, 15.25, 23.75 ], "axis": "y", "angle": -45 },
			"faces": {
				"down": { "uv": [ 10.5, 0, 11.5, 16 ], "texture": "#texture", "rotation": 180 },
				"up": { "uv": [ 10.5, 0, 11.5, 16 ], "texture": "#texture", "rotation": 180 },
				"north": { "uv": [ 10.5, 15, 11.5, 16 ], "texture": "#texture" },
				"south": { "uv": [ 4.5, 15, 5.5, 16 ], "texture": "#texture" },
				"west": { "uv": [ 0, 15, 16, 16 ], "texture": "#texture" },
				"east": { "uv": [ 0, 15, 16, 16 ], "texture": "#texture" }
			}
		},
		{
			"__comment": "Box21",
			"from": [ -0.125, 0.875, -0.25 ],
			"to": [ 1.375, 22.375, 0.75 ],
			"rotation": { "origin": [ -0.125, 0.875, -0.25 ], "axis": "z", "angle": -45 },
			"faces": {
				"down": { "uv": [ 8, 15, 9.5, 16 ], "texture": "#texture" },
				"up": { "uv": [ 8, 0, 9.5, 1 ], "texture": "#texture" },
				"north": { "uv": [ 6.5, 0, 8, 16 ], "texture": "#texture" },
				"south": { "uv": [ 8, 0, 9.5, 16 ], "texture": "#texture" },
				"west": { "uv": [ 0, 0, 1, 16 ], "texture": "#texture" },
				"east": { "uv": [ 15, 0, 16, 16 ], "texture": "#texture" }
			}
		},
		{
			"__comment": "Box21",
			"from": [ 15.125, -0.25, -0.25 ],
			"to": [ 16.625, 21.25, 0.75 ],
			"rotation": { "origin": [ 15.125, -0.25, -0.25 ], "axis": "z", "angle": 45 },
			"faces": {
				"down": { "uv": [ 0.5, 12.5, 2, 13.5 ], "texture": "#texture" },
				"up": { "uv": [ 0.5, 2.5, 2, 3.5 ], "texture": "#texture" },
				"north": { "uv": [ 14, 0, 15.5, 16 ], "texture": "#texture" },
				"south": { "uv": [ 0.5, 0, 2, 16 ], "texture": "#texture" },
				"west": { "uv": [ 2.5, 0, 3.5, 16 ], "texture": "#texture" },
				"east": { "uv": [ 12.5, 0, 13.5, 16 ], "texture": "#texture" }
			}
		},
		{
			"__comment": "Box21",
			"from": [ 14.75, 0.875, 0 ],
			"to": [ 16.25, 22.375, 1.5 ],
			"rotation": { "origin": [ 14.75, 0.875, 0 ], "axis": "x", "angle": 45 },
			"faces": {
				"down": { "uv": [ 6.5, 15, 8, 16 ], "texture": "#texture" },
				"up": { "uv": [ 6.5, 0, 8, 1 ], "texture": "#texture" },
				"north": { "uv": [ 8, 0, 9.5, 16 ], "texture": "#texture" },
				"south": { "uv": [ 6.5, 0, 8, 16 ], "texture": "#texture" },
				"west": { "uv": [ 0, 0, 1, 16 ], "texture": "#texture" },
				"east": { "uv": [ 15, 0, 16, 16 ], "texture": "#texture" }
			}
		},
		{
			"__comment": "Box21",
			"from": [ 14.75, -0.25, 15.125 ],
			"to": [ 16.25, 21.25, 16.625 ],
			"rotation": { "origin": [ 14.75, -0.25, 15.125 ], "axis": "x", "angle": -45 },
			"faces": {
				"down": { "uv": [ 6.5, 15, 8, 16 ], "texture": "#texture" },
				"up": { "uv": [ 6.5, 0, 8, 1 ], "texture": "#texture" },
				"north": { "uv": [ 8, 0, 9.5, 16 ], "texture": "#texture" },
				"south": { "uv": [ 6.5, 0, 8, 16 ], "texture": "#texture" },
				"west": { "uv": [ 0, 0, 1, 16 ], "texture": "#texture" },
				"east": { "uv": [ 15, 0, 16, 16 ], "texture": "#texture" }
			}
		},
		{
			"__comment": "Box21",
			"from": [ -0.125, 0.875, 15.125 ],
			"to": [ 1.375, 22.375, 16.125 ],
			"rotation": { "origin": [ -0.125, 0.875, 15.125 ], "axis": "z", "angle": -45 },
			"faces": {
				"down": { "uv": [ 8, 15, 9.5, 16 ], "texture": "#texture" },
				"up": { "uv": [ 8, 0, 9.5, 1 ], "texture": "#texture" },
				"north": { "uv": [ 6.5, 0, 8, 16 ], "texture": "#texture" },
				"south": { "uv": [ 8, 0, 9.5, 16 ], "texture": "#texture" },
				"west": { "uv": [ 0, 0, 1, 16 ], "texture": "#texture" },
				"east": { "uv": [ 15, 0, 16, 16 ], "texture": "#texture" }
			}
		},
		{
			"__comment": "Box21",
			"from": [ 15.125, -0.25, 15.125 ],
			"to": [ 16.625, 21.25, 16.125 ],
			"rotation": { "origin": [ 15.125, -0.25, 15.125 ], "axis": "z", "angle": 45 },
			"faces": {
				"down": { "uv": [ 0.5, 12.5, 2, 13.5 ], "texture": "#texture" },
				"up": { "uv": [ 0.5, 2.5, 2, 3.5 ], "texture": "#texture" },
				"north": { "uv": [ 14, 0, 15.5, 16 ], "texture": "#texture" },
				"south": { "uv": [ 0.5, 0, 2, 16 ], "texture": "#texture" },
				"west": { "uv": [ 2.5, 0, 3.5, 16 ], "texture": "#texture" },
				"east": { "uv": [ 12.5, 0, 13.5, 16 ], "texture": "#texture" }
			}
		},
		{
			"__comment": "Box21",
			"from": [ -0.125, 0.875, 0 ],
			"to": [ 1.375, 22.375, 1.5 ],
			"rotation": { "origin": [ -0.125, 0.875, 0 ], "axis": "x", "angle": 45 },
			"faces": {
				"down": { "uv": [ 6.5, 15, 8, 16 ], "texture": "#texture" },
				"up": { "uv": [ 6.5, 0, 8, 1 ], "texture": "#texture" },
				"north": { "uv": [ 8, 0, 9.5, 16 ], "texture": "#texture" },
				"south": { "uv": [ 6.5, 0, 8, 16 ], "texture": "#texture" },
				"west": { "uv": [ 0, 0, 1, 16 ], "texture": "#texture" },
				"east": { "uv": [ 15, 0, 16, 16 ], "texture": "#texture" }
			}
		},
		{
			"__comment": "Box21",
			"from": [ -0.125, -0.25, 15.125 ],
			"to": [ 1.375, 21.25, 16.625 ],
			"rotation": { "origin": [ -0.125, -0.25, 15.125 ], "axis": "x", "angle": -45 },
			"faces": {
				"down": { "uv": [ 6.5, 15, 8, 16 ], "texture": "#texture" },
				"up": { "uv": [ 6.5, 0, 8, 1 ], "texture": "#texture" },
				"north": { "uv": [ 8, 0, 9.5, 16 ], "texture": "#texture" },
				"south": { "uv": [ 6.5, 0, 8, 16 ], "texture": "#texture" },
				"west": { "uv": [ 0, 0, 1, 16 ], "texture": "#texture" },
				"east": { "uv": [ 15, 0, 16, 16 ], "texture": "#texture" }
			}
		}
	],
	"display": {
		"thirdperson_righthand": {
			"rotation":  [ 75, 45, 0 ],
			"translation":  [ 0, 2.5, 0 ],
			"scale":  [ 0.375, 0.375, 0.375 ]
		},
		"thirdperson_lefthand": {
			"rotation":  [ 75, 45, 0 ],
			"translation":  [ 0, 2.5, 0 ],
			"scale":  [ 0.375, 0.375, 0.375 ]
		},
		"firstperson_righthand": {
			"rotation":  [ 0, 45, 0 ],
			"scale":  [ 0.4, 0.4, 0.4 ]
		},
		"firstperson_lefthand": {
			"rotation":  [ 0, 45, 0 ],
			"scale":  [ 0.4, 0.4, 0.4 ]
		},
		"gui": {
			"rotation":  [ 30, 225, 0 ],
			"scale":  [ 0.625, 0.625, 0.625 ]
		},
		"fixed": {
			"translation":  [ 0, 0, 18 ],
			"scale":  [ 2, 2, 2 ]
		}
	}
}