{
	"__comment": "Designed by Zeibo with Cubik Studio - https://cubik.studio",
	"textures": {
		"texture": "gui/container/menu_top_bar"
	},
	"elements": [ 	 
		{
			"__comment": "PlaneZ1",
			"from": [ 8, 0, 8 ],
			"to": [ 28, 16, 8.001 ],
			"faces": {
				"north": { "uv": [ 0, 0, 16, 8 ], "texture": "#texture" },
				"south": { "uv": [ 0, 0, 16, 8 ], "texture": "#texture" }
			}
		},
		{
			"__comment": "PlaneZ1",
			"from": [ -12, 0, 8 ],
			"to": [ 8, 16, 8.001 ],
			"faces": {
				"north": { "uv": [ 0, 8, 16, 16 ], "texture": "#texture" },
				"south": { "uv": [ 0, 8, 16, 16 ], "texture": "#texture" }
			}
		}
	],
	"display": {
		"gui": {
			"translation":  [ 0, 18.782, -80 ],
			"scale":  [ 3.5, 0.8, 0.8 ]
		}
	}
}