{
	"__comment": "Designed by Zeibo with Cubik Studio - https://cubik.studio",
	"elements": [ 	 
		{
			"__comment": "Box12",
			"from": [ 15.875, 12, 9.875 ],
			"to": [ 16.875, 19, 10.875 ],
			"faces": {
				"down": { "uv": [ 0, 8.5, 0.5, 9 ], "texture": "#texture" },
				"up": { "uv": [ 0, 13, 0.5, 13.5 ], "texture": "#texture" },
				"north": { "uv": [ 0, 8.5, 0.5, 13.5 ], "texture": "#texture" },
				"south": { "uv": [ 0, 8.5, 0.5, 13.5 ], "texture": "#texture" },
				"west": { "uv": [ 0, 8.5, 0.5, 13.5 ], "texture": "#texture" },
				"east": { "uv": [ 0, 8.5, 0.5, 13.5 ], "texture": "#texture" }
			}
		},
		{
			"__comment": "Box12",
			"from": [ 15.125, 10.75, 10 ],
			"to": [ 15.875, 18.25, 10.75 ],
			"faces": {
				"down": { "uv": [ 0.5, 9, 1, 9.5 ], "texture": "#texture" },
				"up": { "uv": [ 0.5, 13.5, 1, 14 ], "texture": "#texture" },
				"north": { "uv": [ 0.5, 9, 1, 14 ], "texture": "#texture" },
				"south": { "uv": [ 0.5, 9, 1, 14 ], "texture": "#texture" },
				"west": { "uv": [ 0.5, 9, 1, 14 ], "texture": "#texture" },
				"east": { "uv": [ 0.5, 9, 1, 14 ], "texture": "#texture" }
			}
		},
		{
			"__comment": "Box12",
			"from": [ 14.375, 10.25, 10 ],
			"to": [ 15.125, 17.75, 10.75 ],
			"faces": {
				"down": { "uv": [ 1, 9.5, 1.5, 10 ], "texture": "#texture" },
				"up": { "uv": [ 1, 14, 1.5, 14.5 ], "texture": "#texture" },
				"north": { "uv": [ 1, 9.5, 1.5, 14.5 ], "texture": "#texture" },
				"south": { "uv": [ 1, 9.5, 1.5, 14.5 ], "texture": "#texture" },
				"west": { "uv": [ 1, 9.5, 1.5, 14.5 ], "texture": "#texture" },
				"east": { "uv": [ 1, 9.5, 1.5, 14.5 ], "texture": "#texture" }
			}
		},
		{
			"__comment": "Box12",
			"from": [ 13.625, 9.875, 10 ],
			"to": [ 14.375, 17.375, 10.75 ],
			"faces": {
				"down": { "uv": [ 1.5, 9.5, 2, 10 ], "texture": "#texture" },
				"up": { "uv": [ 1.5, 14, 2, 14.5 ], "texture": "#texture" },
				"north": { "uv": [ 1.5, 9.5, 2, 14.5 ], "texture": "#texture" },
				"south": { "uv": [ 1.5, 9.5, 2, 14.5 ], "texture": "#texture" },
				"west": { "uv": [ 1.5, 9.5, 2, 14.5 ], "texture": "#texture" },
				"east": { "uv": [ 1.5, 9.5, 2, 14.5 ], "texture": "#texture" }
			}
		},
		{
			"__comment": "Box12",
			"from": [ 12.875, 9.875, 10 ],
			"to": [ 13.625, 16.625, 10.75 ],
			"faces": {
				"down": { "uv": [ 2, 10, 2.5, 10.5 ], "texture": "#texture" },
				"up": { "uv": [ 2, 14, 2.5, 14.5 ], "texture": "#texture" },
				"north": { "uv": [ 2, 10, 2.5, 14.5 ], "texture": "#texture" },
				"south": { "uv": [ 2, 10, 2.5, 14.5 ], "texture": "#texture" },
				"west": { "uv": [ 2, 10, 2.5, 14.5 ], "texture": "#texture" },
				"east": { "uv": [ 2, 10, 2.5, 14.5 ], "texture": "#texture" }
			}
		},
		{
			"__comment": "Box12",
			"from": [ 12.125, 10.25, 10 ],
			"to": [ 12.875, 16.25, 10.75 ],
			"faces": {
				"down": { "uv": [ 2.5, 10.5, 3, 11 ], "texture": "#texture" },
				"up": { "uv": [ 2.5, 14, 3, 14.5 ], "texture": "#texture" },
				"north": { "uv": [ 2.5, 10.5, 3, 14.5 ], "texture": "#texture" },
				"south": { "uv": [ 2.5, 10.5, 3, 14.5 ], "texture": "#texture" },
				"west": { "uv": [ 2.5, 10.5, 3, 14.5 ], "texture": "#texture" },
				"east": { "uv": [ 2.5, 10.5, 3, 14.5 ], "texture": "#texture" }
			}
		},
		{
			"__comment": "Box12",
			"from": [ 11.375, 10.625, 10 ],
			"to": [ 12.125, 15.875, 10.75 ],
			"faces": {
				"down": { "uv": [ 3, 11, 3.5, 11.5 ], "texture": "#texture" },
				"up": { "uv": [ 3, 14, 3.5, 14.5 ], "texture": "#texture" },
				"north": { "uv": [ 3, 11, 3.5, 14.5 ], "texture": "#texture" },
				"south": { "uv": [ 3, 11, 3.5, 14.5 ], "texture": "#texture" },
				"west": { "uv": [ 3, 11, 3.5, 14.5 ], "texture": "#texture" },
				"east": { "uv": [ 3, 11, 3.5, 14.5 ], "texture": "#texture" }
			}
		},
		{
			"__comment": "Box12",
			"from": [ -0.875, 12, 9.875 ],
			"to": [ 0.125, 19, 10.875 ],
			"faces": {
				"down": { "uv": [ 0, 8.5, 0.5, 9 ], "texture": "#texture" },
				"up": { "uv": [ 0, 13, 0.5, 13.5 ], "texture": "#texture" },
				"north": { "uv": [ 0, 8.5, 0.5, 13.5 ], "texture": "#texture" },
				"south": { "uv": [ 0, 8.5, 0.5, 13.5 ], "texture": "#texture" },
				"west": { "uv": [ 0, 8.5, 0.5, 13.5 ], "texture": "#texture" },
				"east": { "uv": [ 0, 8.5, 0.5, 13.5 ], "texture": "#texture" }
			}
		},
		{
			"__comment": "Box12",
			"from": [ 0.125, 10.75, 10 ],
			"to": [ 0.875, 18.25, 10.75 ],
			"faces": {
				"down": { "uv": [ 0.5, 9, 1, 9.5 ], "texture": "#texture" },
				"up": { "uv": [ 0.5, 13.5, 1, 14 ], "texture": "#texture" },
				"north": { "uv": [ 0.5, 9, 1, 14 ], "texture": "#texture" },
				"south": { "uv": [ 0.5, 9, 1, 14 ], "texture": "#texture" },
				"west": { "uv": [ 0.5, 9, 1, 14 ], "texture": "#texture" },
				"east": { "uv": [ 0.5, 9, 1, 14 ], "texture": "#texture" }
			}
		},
		{
			"__comment": "Box12",
			"from": [ 0.875, 10.25, 10 ],
			"to": [ 1.625, 17.75, 10.75 ],
			"faces": {
				"down": { "uv": [ 1, 9.5, 1.5, 10 ], "texture": "#texture" },
				"up": { "uv": [ 1, 14, 1.5, 14.5 ], "texture": "#texture" },
				"north": { "uv": [ 1, 9.5, 1.5, 14.5 ], "texture": "#texture" },
				"south": { "uv": [ 1, 9.5, 1.5, 14.5 ], "texture": "#texture" },
				"west": { "uv": [ 1, 9.5, 1.5, 14.5 ], "texture": "#texture" },
				"east": { "uv": [ 1, 9.5, 1.5, 14.5 ], "texture": "#texture" }
			}
		},
		{
			"__comment": "Box12",
			"from": [ 1.625, 9.875, 10 ],
			"to": [ 2.375, 17.375, 10.75 ],
			"faces": {
				"down": { "uv": [ 1.5, 9.5, 2, 10 ], "texture": "#texture" },
				"up": { "uv": [ 1.5, 14, 2, 14.5 ], "texture": "#texture" },
				"north": { "uv": [ 1.5, 9.5, 2, 14.5 ], "texture": "#texture" },
				"south": { "uv": [ 1.5, 9.5, 2, 14.5 ], "texture": "#texture" },
				"west": { "uv": [ 1.5, 9.5, 2, 14.5 ], "texture": "#texture" },
				"east": { "uv": [ 1.5, 9.5, 2, 14.5 ], "texture": "#texture" }
			}
		},
		{
			"__comment": "Box12",
			"from": [ 2.375, 9.875, 10 ],
			"to": [ 3.125, 16.625, 10.75 ],
			"faces": {
				"down": { "uv": [ 2, 10, 2.5, 10.5 ], "texture": "#texture" },
				"up": { "uv": [ 2, 14, 2.5, 14.5 ], "texture": "#texture" },
				"north": { "uv": [ 2, 10, 2.5, 14.5 ], "texture": "#texture" },
				"south": { "uv": [ 2, 10, 2.5, 14.5 ], "texture": "#texture" },
				"west": { "uv": [ 2, 10, 2.5, 14.5 ], "texture": "#texture" },
				"east": { "uv": [ 2, 10, 2.5, 14.5 ], "texture": "#texture" }
			}
		},
		{
			"__comment": "Box12",
			"from": [ 3.125, 10.25, 10 ],
			"to": [ 3.875, 16.25, 10.75 ],
			"faces": {
				"down": { "uv": [ 2.5, 10.5, 3, 11 ], "texture": "#texture" },
				"up": { "uv": [ 2.5, 14, 3, 14.5 ], "texture": "#texture" },
				"north": { "uv": [ 2.5, 10.5, 3, 14.5 ], "texture": "#texture" },
				"south": { "uv": [ 2.5, 10.5, 3, 14.5 ], "texture": "#texture" },
				"west": { "uv": [ 2.5, 10.5, 3, 14.5 ], "texture": "#texture" },
				"east": { "uv": [ 2.5, 10.5, 3, 14.5 ], "texture": "#texture" }
			}
		},
		{
			"__comment": "Box12",
			"from": [ 3.875, 10.625, 10 ],
			"to": [ 4.625, 15.875, 10.75 ],
			"faces": {
				"down": { "uv": [ 3, 11, 3.5, 11.5 ], "texture": "#texture" },
				"up": { "uv": [ 3, 14, 3.5, 14.5 ], "texture": "#texture" },
				"north": { "uv": [ 3, 11, 3.5, 14.5 ], "texture": "#texture" },
				"south": { "uv": [ 3, 11, 3.5, 14.5 ], "texture": "#texture" },
				"west": { "uv": [ 3, 11, 3.5, 14.5 ], "texture": "#texture" },
				"east": { "uv": [ 3, 11, 3.5, 14.5 ], "texture": "#texture" }
			}
		},
		{
			"__comment": "Box12",
			"from": [ 0.625, 11.125, 9.125 ],
			"to": [ 4.625, 15.125, 10.125 ],
			"faces": {
				"down": { "uv": [ 0, 10, 1, 11 ], "texture": "#texture" },
				"up": { "uv": [ 0, 10, 1, 11 ], "texture": "#texture" },
				"north": { "uv": [ 0, 10, 1, 11 ], "texture": "#texture" },
				"south": { "uv": [ 0, 10, 1, 11 ], "texture": "#texture" },
				"west": { "uv": [ 0, 10, 1, 11 ], "texture": "#texture" },
				"east": { "uv": [ 0, 10, 1, 11 ], "texture": "#texture" }
			}
		},
		{
			"__comment": "Box12",
			"from": [ 0.125, 11.75, 9.375 ],
			"to": [ 1.125, 17.25, 10.375 ],
			"faces": {
				"down": { "uv": [ 0, 10, 1, 11 ], "texture": "#texture" },
				"up": { "uv": [ 0, 10, 1, 11 ], "texture": "#texture" },
				"north": { "uv": [ 0, 10, 1, 11 ], "texture": "#texture" },
				"south": { "uv": [ 0, 10, 1, 11 ], "texture": "#texture" },
				"west": { "uv": [ 0, 10, 1, 11 ], "texture": "#texture" },
				"east": { "uv": [ 0, 10, 1, 11 ], "texture": "#texture" }
			}
		},
		{
			"__comment": "Box12",
			"from": [ 0.875, 14.75, 9.25 ],
			"to": [ 2.875, 16.25, 10.25 ],
			"faces": {
				"down": { "uv": [ 0, 10, 1, 11 ], "texture": "#texture" },
				"up": { "uv": [ 0, 10, 1, 11 ], "texture": "#texture" },
				"north": { "uv": [ 0, 10, 1, 11 ], "texture": "#texture" },
				"south": { "uv": [ 0, 10, 1, 11 ], "texture": "#texture" },
				"west": { "uv": [ 0, 10, 1, 11 ], "texture": "#texture" },
				"east": { "uv": [ 0, 10, 1, 11 ], "texture": "#texture" }
			}
		},
		{
			"__comment": "Box12",
			"from": [ 1.5, 10.5, 9.125 ],
			"to": [ 3.5, 11.5, 10.125 ],
			"faces": {
				"down": { "uv": [ 0, 10, 1, 11 ], "texture": "#texture" },
				"up": { "uv": [ 0, 10, 1, 11 ], "texture": "#texture" },
				"north": { "uv": [ 0, 10, 1, 11 ], "texture": "#texture" },
				"south": { "uv": [ 0, 10, 1, 11 ], "texture": "#texture" },
				"west": { "uv": [ 0, 10, 1, 11 ], "texture": "#texture" },
				"east": { "uv": [ 0, 10, 1, 11 ], "texture": "#texture" }
			}
		},
		{
			"__comment": "Box12",
			"from": [ 11.875, 11.125, 9.125 ],
			"to": [ 15.875, 15.125, 10.125 ],
			"faces": {
				"down": { "uv": [ 0, 10, 1, 11 ], "texture": "#texture" },
				"up": { "uv": [ 0, 10, 1, 11 ], "texture": "#texture" },
				"north": { "uv": [ 0, 10, 1, 11 ], "texture": "#texture" },
				"south": { "uv": [ 0, 10, 1, 11 ], "texture": "#texture" },
				"west": { "uv": [ 0, 10, 1, 11 ], "texture": "#texture" },
				"east": { "uv": [ 0, 10, 1, 11 ], "texture": "#texture" }
			}
		},
		{
			"__comment": "Box12",
			"from": [ 15, 11.75, 9.375 ],
			"to": [ 16, 17.25, 10.375 ],
			"faces": {
				"down": { "uv": [ 0, 10, 1, 11 ], "texture": "#texture" },
				"up": { "uv": [ 0, 10, 1, 11 ], "texture": "#texture" },
				"north": { "uv": [ 0, 10, 1, 11 ], "texture": "#texture" },
				"south": { "uv": [ 0, 10, 1, 11 ], "texture": "#texture" },
				"west": { "uv": [ 0, 10, 1, 11 ], "texture": "#texture" },
				"east": { "uv": [ 0, 10, 1, 11 ], "texture": "#texture" }
			}
		},
		{
			"__comment": "Box12",
			"from": [ 13.125, 14.75, 9.25 ],
			"to": [ 15.125, 16.25, 10.25 ],
			"faces": {
				"down": { "uv": [ 0, 10, 1, 11 ], "texture": "#texture" },
				"up": { "uv": [ 0, 10, 1, 11 ], "texture": "#texture" },
				"north": { "uv": [ 0, 10, 1, 11 ], "texture": "#texture" },
				"south": { "uv": [ 0, 10, 1, 11 ], "texture": "#texture" },
				"west": { "uv": [ 0, 10, 1, 11 ], "texture": "#texture" },
				"east": { "uv": [ 0, 10, 1, 11 ], "texture": "#texture" }
			}
		},
		{
			"__comment": "Box12",
			"from": [ 12.5, 10.5, 9.125 ],
			"to": [ 14.5, 11.5, 10.125 ],
			"faces": {
				"down": { "uv": [ 0, 10, 1, 11 ], "texture": "#texture" },
				"up": { "uv": [ 0, 10, 1, 11 ], "texture": "#texture" },
				"north": { "uv": [ 0, 10, 1, 11 ], "texture": "#texture" },
				"south": { "uv": [ 0, 10, 1, 11 ], "texture": "#texture" },
				"west": { "uv": [ 0, 10, 1, 11 ], "texture": "#texture" },
				"east": { "uv": [ 0, 10, 1, 11 ], "texture": "#texture" }
			}
		},
		{
			"__comment": "Box23",
			"from": [ 0, 0, 0 ],
			"to": [ 16, 16, 16 ],
			"faces": {
				"down": { "uv": [ 0, 0, 4, 4 ], "texture": "#texture" },
				"up": { "uv": [ 4, 0, 8, 4 ], "texture": "#texture" },
				"north": { "uv": [ 12, 4, 16, 8 ], "texture": "#texture" },
				"south": { "uv": [ 4, 4, 8, 8 ], "texture": "#texture" },
				"west": { "uv": [ 0, 4, 4, 8 ], "texture": "#texture" },
				"east": { "uv": [ 8, 4, 12, 8 ], "texture": "#texture" }
			}
		}
	],
	"display": {
		"thirdperson_righthand": {
			"rotation":  [ 16, 45, 0 ],
			"translation":  [ 0, -0.977, 0 ],
			"scale":  [ 0.3, 0.3, 0.3 ]
		},
		"firstperson_righthand": {
			"rotation":  [ 0, 45, 0 ],
			"scale":  [ 0.4, 0.4, 0.4 ]
		},
		"firstperson_lefthand": {
			"rotation":  [ 0, 45, 0 ],
			"scale":  [ 0.4, 0.4, 0.4 ]
		},
		"gui": {
			"rotation":  [ 11, -11, 0 ],
			"translation":  [ 0, -2.782, 0 ],
			"scale":  [ 0.8, 0.8, 0.8 ]
		},
		"head": {
			"rotation":  [ 0, 180, 0 ]
		}
	}
}