{
	"__comment": "Designed by Zeibo with Cubik Studio - https://cubik.studio",
	"textures": {
	},
	"elements": [ 	 
		{
			"__comment": "PlaneZ1",
			"from": [ -9, -13.5, 9.125 ],
			"to": [ 24, 25, 9.126 ],
			"faces": {
				"north": { "uv": [ 0, 0, 16, 16 ], "texture": "#texture" },
				"south": { "uv": [ 0, 0, 16, 16 ], "texture": "#texture" }
			}
		},
		{
			"__comment": "PlaneZ1",
			"from": [ 7.874, -13.5, -8.75 ],
			"to": [ 7.875, 25, 24.25 ],
			"faces": {
				"west": { "uv": [ 0, 0, 16, 16 ], "texture": "#texture" },
				"east": { "uv": [ 0, 0, 16, 16 ], "texture": "#texture" }
			}
		}
	],
	"display": {
		"head": {
			"rotation":  [ 0, 44, 0 ],
			"translation":  [ 0, -34.08, 0 ],
			"scale":  [ 3, 3, 3 ]
		}
	}
}