{
	"__comment": "Designed by Zeibo with Cubik Studio - https://cubik.studio",
	"textures": {
		"lamp": "block/lamp"
	},
	"elements": [ 	 
		{
			"__comment": "Box1",
			"from": [ 3.5, 5.5, 8 ],
			"to": [ 5, 6, 9 ],
			"faces": {
				"down": { "uv": [ 5, 10.5, 3.5, 10 ], "texture": "#lamp", "rotation": 180 },
				"up": { "uv": [ 5, 10, 3.5, 10.5 ], "texture": "#lamp", "rotation": 180 },
				"north": { "uv": [ 5, 10, 3.5, 10.5 ], "texture": "#lamp" },
				"south": { "uv": [ 3.5, 10, 5, 10.5 ], "texture": "#lamp" },
				"west": { "uv": [ 4, 10.5, 3.5, 10 ], "texture": "#lamp", "rotation": 180 },
				"east": { "uv": [ 4.5, 10, 5, 10.5 ], "texture": "#lamp" }
			}
		},
		{
			"__comment": "Box2",
			"from": [ 3.5, 2, 8 ],
			"to": [ 4.5, 5.5, 9 ],
			"faces": {
				"down": { "uv": [ 4.5, 14, 3.5, 13.5 ], "texture": "#lamp", "rotation": 180 },
				"up": { "uv": [ 4.5, 10.5, 3.5, 11 ], "texture": "#lamp", "rotation": 180 },
				"north": { "uv": [ 4.5, 10.5, 3.5, 14 ], "texture": "#lamp" },
				"south": { "uv": [ 3.5, 10.5, 4.5, 14 ], "texture": "#lamp" },
				"west": { "uv": [ 4, 14, 3.5, 10.5 ], "texture": "#lamp", "rotation": 180 },
				"east": { "uv": [ 4, 10.5, 4.5, 14 ], "texture": "#lamp" }
			}
		},
		{
			"__comment": "Box3",
			"from": [ 4, 9, 8 ],
			"to": [ 12, 9.5, 9 ],
			"faces": {
				"down": { "uv": [ 12, 7, 4, 6.5 ], "texture": "#lamp", "rotation": 180 },
				"up": { "uv": [ 12, 6.5, 4, 7 ], "texture": "#lamp", "rotation": 180 },
				"north": { "uv": [ 12, 6.5, 4, 7 ], "texture": "#lamp" },
				"south": { "uv": [ 4, 6.5, 12, 7 ], "texture": "#lamp" },
				"west": { "uv": [ 4.5, 7, 4, 6.5 ], "texture": "#lamp", "rotation": 180 },
				"east": { "uv": [ 11.5, 6.5, 12, 7 ], "texture": "#lamp" }
			}
		},
		{
			"__comment": "Box4",
			"from": [ 4, 6, 8 ],
			"to": [ 5, 9, 9 ],
			"faces": {
				"down": { "uv": [ 5, 10, 4, 9.5 ], "texture": "#lamp", "rotation": 180 },
				"up": { "uv": [ 5, 7, 4, 7.5 ], "texture": "#lamp", "rotation": 180 },
				"north": { "uv": [ 5, 7, 4, 10 ], "texture": "#lamp" },
				"south": { "uv": [ 4, 7, 5, 10 ], "texture": "#lamp" },
				"west": { "uv": [ 4.5, 10, 4, 7 ], "texture": "#lamp", "rotation": 180 },
				"east": { "uv": [ 4.5, 7, 5, 10 ], "texture": "#lamp" }
			}
		},
		{
			"__comment": "Box5",
			"from": [ 4, 1.5, 4.75 ],
			"to": [ 12, 2, 12.25 ],
			"faces": {
				"down": { "uv": [ 12, 14.5, 4, 14 ], "texture": "#lamp", "rotation": 180 },
				"up": { "uv": [ 12, 14, 4, 14.5 ], "texture": "#lamp", "rotation": 180 },
				"north": { "uv": [ 12, 14, 4, 14.5 ], "texture": "#lamp" },
				"south": { "uv": [ 4, 14, 12, 14.5 ], "texture": "#lamp" },
				"west": { "uv": [ 4.5, 14.5, 4, 14 ], "texture": "#lamp", "rotation": 180 },
				"east": { "uv": [ 11.5, 14, 12, 14.5 ], "texture": "#lamp" }
			}
		},
		{
			"__comment": "Box6",
			"from": [ 4.5, 9.5, 8 ],
			"to": [ 11.5, 10, 9 ],
			"faces": {
				"down": { "uv": [ 11.5, 6.5, 4.5, 6 ], "texture": "#lamp", "rotation": 180 },
				"up": { "uv": [ 11.5, 6, 4.5, 6.5 ], "texture": "#lamp", "rotation": 180 },
				"north": { "uv": [ 11.5, 6, 4.5, 6.5 ], "texture": "#lamp" },
				"south": { "uv": [ 4.5, 6, 11.5, 6.5 ], "texture": "#lamp" },
				"west": { "uv": [ 5, 6.5, 4.5, 6 ], "texture": "#lamp", "rotation": 180 },
				"east": { "uv": [ 11, 6, 11.5, 6.5 ], "texture": "#lamp" }
			}
		},
		{
			"__comment": "Box7",
			"from": [ 4.5, 2, 8 ],
			"to": [ 5, 2.5, 9 ],
			"faces": {
				"down": { "uv": [ 5, 14, 4.5, 13.5 ], "texture": "#lamp", "rotation": 270 },
				"up": { "uv": [ 5, 14, 4.5, 13.5 ], "texture": "#lamp", "rotation": 270 },
				"north": { "uv": [ 5, 14, 4.5, 13.5 ], "texture": "#lamp", "rotation": 270 },
				"south": { "uv": [ 5, 14, 4.5, 13.5 ], "texture": "#lamp", "rotation": 270 },
				"west": { "uv": [ 5, 14, 4.5, 13.5 ], "texture": "#lamp", "rotation": 270 },
				"east": { "uv": [ 4.5, 13.5, 5, 14 ], "texture": "#lamp" }
			}
		},
		{
			"__comment": "Box8",
			"from": [ 4.5, 0, 5 ],
			"to": [ 11.5, 0.5, 12 ],
			"faces": {
				"down": { "uv": [ 11.5, 16, 4.5, 15.5 ], "texture": "#lamp", "rotation": 180 },
				"up": { "uv": [ 11.5, 15.5, 4.5, 16 ], "texture": "#lamp", "rotation": 180 },
				"north": { "uv": [ 11.5, 15.5, 4.5, 16 ], "texture": "#lamp" },
				"south": { "uv": [ 4.5, 15.5, 11.5, 16 ], "texture": "#lamp" },
				"west": { "uv": [ 5, 16, 4.5, 15.5 ], "texture": "#lamp", "rotation": 180 },
				"east": { "uv": [ 11, 15.5, 11.5, 16 ], "texture": "#lamp" }
			}
		},
		{
			"__comment": "Box9",
			"from": [ 5, 13, 8 ],
			"to": [ 5.5, 15.5, 9 ],
			"faces": {
				"down": { "uv": [ 5.5, 3, 5, 2.5 ], "texture": "#lamp", "rotation": 180 },
				"up": { "uv": [ 5.5, 0.5, 5, 1 ], "texture": "#lamp", "rotation": 180 },
				"north": { "uv": [ 5.5, 0.5, 5, 3 ], "texture": "#lamp" },
				"south": { "uv": [ 5, 0.5, 5.5, 3 ], "texture": "#lamp" },
				"west": { "uv": [ 5.5, 3, 5, 0.5 ], "texture": "#lamp", "rotation": 180 },
				"east": { "uv": [ 5, 0.5, 5.5, 3 ], "texture": "#lamp" }
			}
		},
		{
			"__comment": "Box11",
			"from": [ 4.5, 1, 5 ],
			"to": [ 11.5, 1.5, 12 ],
			"faces": {
				"down": { "uv": [ 11.5, 15, 4.5, 14.5 ], "texture": "#lamp", "rotation": 180 },
				"up": { "uv": [ 11.5, 14.5, 4.5, 15 ], "texture": "#lamp", "rotation": 180 },
				"north": { "uv": [ 11.5, 14.5, 4.5, 15 ], "texture": "#lamp" },
				"south": { "uv": [ 4.5, 14.5, 11.5, 15 ], "texture": "#lamp" },
				"west": { "uv": [ 5, 15, 4.5, 14.5 ], "texture": "#lamp", "rotation": 180 },
				"east": { "uv": [ 11, 14.5, 11.5, 15 ], "texture": "#lamp" }
			}
		},
		{
			"__comment": "Box12",
			"from": [ 5, 0.5, 5.5 ],
			"to": [ 11, 1, 11.5 ],
			"faces": {
				"down": { "uv": [ 11, 15.5, 5, 15 ], "texture": "#lamp", "rotation": 180 },
				"up": { "uv": [ 11, 15, 5, 15.5 ], "texture": "#lamp", "rotation": 180 },
				"north": { "uv": [ 11, 15, 5, 15.5 ], "texture": "#lamp" },
				"south": { "uv": [ 5, 15, 11, 15.5 ], "texture": "#lamp" },
				"west": { "uv": [ 5.5, 15.5, 5, 15 ], "texture": "#lamp", "rotation": 180 },
				"east": { "uv": [ 10.5, 15, 11, 15.5 ], "texture": "#lamp" }
			}
		},
		{
			"__comment": "Box13",
			"from": [ 5.5, 15.5, 8 ],
			"to": [ 10.5, 16, 9 ],
			"faces": {
				"down": { "uv": [ 10.5, 0.5, 5.5, 0 ], "texture": "#lamp", "rotation": 180 },
				"up": { "uv": [ 10.5, 0, 5.5, 0.5 ], "texture": "#lamp", "rotation": 180 },
				"north": { "uv": [ 10.5, 0, 5.5, 0.5 ], "texture": "#lamp" },
				"south": { "uv": [ 5.5, 0, 10.5, 0.5 ], "texture": "#lamp" },
				"west": { "uv": [ 6, 0.5, 5.5, 0 ], "texture": "#lamp", "rotation": 180 },
				"east": { "uv": [ 10, 0, 10.5, 0.5 ], "texture": "#lamp" }
			}
		},
		{
			"__comment": "Box15",
			"from": [ 5.5, 2, 6 ],
			"to": [ 10.5, 2.5, 11 ],
			"faces": {
				"down": { "uv": [ 10.5, 14, 5.5, 13.5 ], "texture": "#lamp", "rotation": 180 },
				"up": { "uv": [ 10.5, 13.5, 5.5, 14 ], "texture": "#lamp", "rotation": 180 },
				"north": { "uv": [ 10.5, 13.5, 5.5, 14 ], "texture": "#lamp" },
				"south": { "uv": [ 5.5, 13.5, 10.5, 14 ], "texture": "#lamp" },
				"west": { "uv": [ 6, 14, 5.5, 13.5 ], "texture": "#lamp", "rotation": 180 },
				"east": { "uv": [ 10, 13.5, 10.5, 14 ], "texture": "#lamp" }
			}
		},
		{
			"__comment": "Box17",
			"from": [ 6, 8, 8 ],
			"to": [ 10, 8.5, 9 ],
			"faces": {
				"down": { "uv": [ 10, 8, 6, 7.5 ], "texture": "#lamp", "rotation": 180 },
				"up": { "uv": [ 10, 7.5, 6, 8 ], "texture": "#lamp", "rotation": 180 },
				"north": { "uv": [ 10, 7.5, 6, 8 ], "texture": "#lamp" },
				"south": { "uv": [ 6, 7.5, 10, 8 ], "texture": "#lamp" },
				"west": { "uv": [ 6.5, 8, 6, 7.5 ], "texture": "#lamp", "rotation": 180 },
				"east": { "uv": [ 9.5, 7.5, 10, 8 ], "texture": "#lamp" }
			}
		},
		{
			"__comment": "Box19",
			"from": [ 6, 2.5, 6.5 ],
			"to": [ 10, 3, 10.5 ],
			"faces": {
				"down": { "uv": [ 10, 13.5, 6, 13 ], "texture": "#lamp", "rotation": 180 },
				"up": { "uv": [ 10, 13, 6, 13.5 ], "texture": "#lamp", "rotation": 180 },
				"north": { "uv": [ 10, 13, 6, 13.5 ], "texture": "#lamp" },
				"south": { "uv": [ 6, 13, 10, 13.5 ], "texture": "#lamp" },
				"west": { "uv": [ 6.5, 13.5, 6, 13 ], "texture": "#lamp", "rotation": 180 },
				"east": { "uv": [ 9.5, 13, 10, 13.5 ], "texture": "#lamp" }
			}
		},
		{
			"__comment": "Box20",
			"from": [ 6.5, 13, 7 ],
			"to": [ 9.5, 13.5, 10 ],
			"faces": {
				"down": { "uv": [ 9.5, 3, 6.5, 2.5 ], "texture": "#lamp", "rotation": 180 },
				"up": { "uv": [ 9.5, 2.5, 6.5, 3 ], "texture": "#lamp", "rotation": 180 },
				"north": { "uv": [ 9.5, 2.5, 6.5, 3 ], "texture": "#lamp" },
				"south": { "uv": [ 6.5, 2.5, 9.5, 3 ], "texture": "#lamp" },
				"west": { "uv": [ 7, 3, 6.5, 2.5 ], "texture": "#lamp", "rotation": 180 },
				"east": { "uv": [ 9, 2.5, 9.5, 3 ], "texture": "#lamp" }
			}
		},
		{
			"__comment": "Box26",
			"from": [ 7.5, 13.5, 8 ],
			"to": [ 8.5, 14, 9 ],
			"faces": {
				"down": { "uv": [ 8.5, 2.5, 7.5, 2 ], "texture": "#lamp", "rotation": 180 },
				"up": { "uv": [ 8.5, 2, 7.5, 2.5 ], "texture": "#lamp", "rotation": 180 },
				"north": { "uv": [ 8.5, 2, 7.5, 2.5 ], "texture": "#lamp" },
				"south": { "uv": [ 7.5, 2, 8.5, 2.5 ], "texture": "#lamp" },
				"west": { "uv": [ 8, 2.5, 7.5, 2 ], "texture": "#lamp", "rotation": 180 },
				"east": { "uv": [ 8, 2, 8.5, 2.5 ], "texture": "#lamp" }
			}
		},
		{
			"__comment": "Box32",
			"from": [ 10, 12.5, 8 ],
			"to": [ 10.5, 13, 9 ],
			"faces": {
				"down": { "uv": [ 10.5, 3.5, 10, 3 ], "texture": "#lamp", "rotation": 180 },
				"up": { "uv": [ 10.5, 3, 10, 3.5 ], "texture": "#lamp", "rotation": 180 },
				"north": { "uv": [ 10.5, 3, 10, 3.5 ], "texture": "#lamp" },
				"south": { "uv": [ 10, 3, 10.5, 3.5 ], "texture": "#lamp" },
				"west": { "uv": [ 10.5, 3.5, 10, 3 ], "texture": "#lamp", "rotation": 180 },
				"east": { "uv": [ 10, 3, 10.5, 3.5 ], "texture": "#lamp" }
			}
		},
		{
			"__comment": "Box33",
			"from": [ 10.5, 13, 8 ],
			"to": [ 11, 15.5, 9 ],
			"faces": {
				"down": { "uv": [ 11, 3, 10.5, 2.5 ], "texture": "#lamp", "rotation": 180 },
				"up": { "uv": [ 11, 0.5, 10.5, 1 ], "texture": "#lamp", "rotation": 180 },
				"north": { "uv": [ 11, 0.5, 10.5, 3 ], "texture": "#lamp" },
				"south": { "uv": [ 10.5, 0.5, 11, 3 ], "texture": "#lamp" },
				"west": { "uv": [ 11, 3, 10.5, 0.5 ], "texture": "#lamp", "rotation": 180 },
				"east": { "uv": [ 10.5, 0.5, 11, 3 ], "texture": "#lamp" }
			}
		},
		{
			"__comment": "Box34",
			"from": [ 11, 5.5, 8 ],
			"to": [ 12, 9, 9 ],
			"faces": {
				"down": { "uv": [ 12, 10.5, 11, 10 ], "texture": "#lamp", "rotation": 180 },
				"up": { "uv": [ 12, 7, 11, 7.5 ], "texture": "#lamp", "rotation": 180 },
				"north": { "uv": [ 12, 7, 11, 10.5 ], "texture": "#lamp" },
				"south": { "uv": [ 11, 7, 12, 10.5 ], "texture": "#lamp" },
				"west": { "uv": [ 11.5, 10.5, 11, 7 ], "texture": "#lamp", "rotation": 180 },
				"east": { "uv": [ 11.5, 7, 12, 10.5 ], "texture": "#lamp" }
			}
		},
		{
			"__comment": "Box35",
			"from": [ 11, 2, 8 ],
			"to": [ 12.5, 2.5, 9 ],
			"faces": {
				"down": { "uv": [ 12.5, 14, 11, 13.5 ], "texture": "#lamp", "rotation": 180 },
				"up": { "uv": [ 12.5, 13.5, 11, 14 ], "texture": "#lamp", "rotation": 180 },
				"north": { "uv": [ 12.5, 13.5, 11, 14 ], "texture": "#lamp" },
				"south": { "uv": [ 11, 13.5, 12.5, 14 ], "texture": "#lamp" },
				"west": { "uv": [ 11.5, 14, 11, 13.5 ], "texture": "#lamp", "rotation": 180 },
				"east": { "uv": [ 12, 13.5, 12.5, 14 ], "texture": "#lamp" }
			}
		},
		{
			"__comment": "Box36",
			"from": [ 11.5, 2.5, 8 ],
			"to": [ 12.5, 5.5, 9 ],
			"faces": {
				"down": { "uv": [ 12.5, 13.5, 11.5, 13 ], "texture": "#lamp", "rotation": 180 },
				"up": { "uv": [ 12.5, 10.5, 11.5, 11 ], "texture": "#lamp", "rotation": 180 },
				"north": { "uv": [ 12.5, 10.5, 11.5, 13.5 ], "texture": "#lamp" },
				"south": { "uv": [ 11.5, 10.5, 12.5, 13.5 ], "texture": "#lamp" },
				"west": { "uv": [ 12, 13.5, 11.5, 10.5 ], "texture": "#lamp", "rotation": 180 },
				"east": { "uv": [ 12, 10.5, 12.5, 13.5 ], "texture": "#lamp" }
			}
		},
		{
			"__comment": "Box37",
			"from": [ 12, 5.5, 8 ],
			"to": [ 12.5, 6, 9 ],
			"faces": {
				"down": { "uv": [ 12.5, 10.5, 12, 10 ], "texture": "#lamp", "rotation": 180 },
				"up": { "uv": [ 12.5, 10, 12, 10.5 ], "texture": "#lamp", "rotation": 180 },
				"north": { "uv": [ 12.5, 10, 12, 10.5 ], "texture": "#lamp" },
				"south": { "uv": [ 12, 10, 12.5, 10.5 ], "texture": "#lamp" },
				"west": { "uv": [ 12.5, 10.5, 12, 10 ], "texture": "#lamp", "rotation": 180 },
				"east": { "uv": [ 12, 10, 12.5, 10.5 ], "texture": "#lamp" }
			}
		},
		{
			"__comment": "A",
			"from": [ 6, 3.5, 8.25 ],
			"to": [ 6.5, 8, 8.75 ],
			"faces": {
				"down": { "uv": [ 6.5, 12.5, 6, 12 ], "texture": "#lamp", "rotation": 180 },
				"up": { "uv": [ 6.5, 8, 6, 8.5 ], "texture": "#lamp", "rotation": 180 },
				"north": { "uv": [ 6.5, 8, 6, 12.5 ], "texture": "#lamp" },
				"south": { "uv": [ 6, 8, 6.5, 12.5 ], "texture": "#lamp" },
				"west": { "uv": [ 6.5, 12.5, 6, 8 ], "texture": "#lamp", "rotation": 180 },
				"east": { "uv": [ 6, 8, 6.5, 12.5 ], "texture": "#lamp" }
			}
		},
		{
			"__comment": "A1",
			"from": [ 6.5, 4.5, 8 ],
			"to": [ 9.5, 5, 9 ],
			"faces": {
				"down": { "uv": [ 10, 11.5, 6.5, 11 ], "texture": "#lamp", "rotation": 180 },
				"up": { "uv": [ 10, 11, 6.5, 11.5 ], "texture": "#lamp", "rotation": 180 },
				"north": { "uv": [ 10, 11, 6.5, 11.5 ], "texture": "#lamp" },
				"south": { "uv": [ 6.5, 11, 10, 11.5 ], "texture": "#lamp" },
				"west": { "uv": [ 7, 11.5, 6.5, 11 ], "texture": "#lamp", "rotation": 180 },
				"east": { "uv": [ 9.5, 11, 10, 11.5 ], "texture": "#lamp" }
			}
		},
		{
			"__comment": "A2",
			"from": [ 6, 3, 8 ],
			"to": [ 7, 4, 9 ],
			"faces": {
				"down": { "uv": [ 7, 13, 6.5, 12.5 ], "texture": "#lamp", "rotation": 180 },
				"up": { "uv": [ 7, 12, 6.5, 12.5 ], "texture": "#lamp", "rotation": 180 },
				"north": { "uv": [ 7, 12, 6.5, 13 ], "texture": "#lamp" },
				"south": { "uv": [ 6.5, 12, 7, 13 ], "texture": "#lamp" },
				"west": { "uv": [ 7, 13, 6.5, 12 ], "texture": "#lamp", "rotation": 180 },
				"east": { "uv": [ 6.5, 12, 7, 13 ], "texture": "#lamp" }
			}
		},
		{
			"__comment": "A3",
			"from": [ 7, 3.875, 7.5 ],
			"to": [ 9, 6.875, 9.5 ],
			"faces": {
				"down": { "uv": [ 9, 12, 7, 11.5 ], "texture": "#lamp", "rotation": 180 },
				"up": { "uv": [ 9, 9, 7, 9.5 ], "texture": "#lamp", "rotation": 180 },
				"north": { "uv": [ 9, 9, 7, 12 ], "texture": "#lamp" },
				"south": { "uv": [ 7, 9, 9, 12 ], "texture": "#lamp" },
				"west": { "uv": [ 7.5, 12, 7, 9 ], "texture": "#lamp", "rotation": 180 },
				"east": { "uv": [ 8.5, 9, 9, 12 ], "texture": "#lamp" }
			}
		},
		{
			"__comment": "A4",
			"from": [ 7, 3, 8 ],
			"to": [ 10, 3.5, 9 ],
			"faces": {
				"down": { "uv": [ 9.5, 13, 7, 12.5 ], "texture": "#lamp", "rotation": 180 },
				"up": { "uv": [ 9.5, 12.5, 7, 13 ], "texture": "#lamp", "rotation": 180 },
				"north": { "uv": [ 9.5, 12.5, 7, 13 ], "texture": "#lamp" },
				"south": { "uv": [ 7, 12.5, 9.5, 13 ], "texture": "#lamp" },
				"west": { "uv": [ 7.5, 13, 7, 12.5 ], "texture": "#lamp", "rotation": 180 },
				"east": { "uv": [ 9, 12.5, 9.5, 13 ], "texture": "#lamp" }
			}
		},
		{
			"__comment": "A5",
			"from": [ 7.5, 3.5, 8 ],
			"to": [ 8.5, 7.5, 9 ],
			"faces": {
				"down": { "uv": [ 8.5, 12.5, 7.5, 12 ], "texture": "#lamp", "rotation": 180 },
				"up": { "uv": [ 8.5, 8.5, 7.5, 9 ], "texture": "#lamp", "rotation": 180 },
				"north": { "uv": [ 8.5, 8.5, 7.5, 12.5 ], "texture": "#lamp" },
				"south": { "uv": [ 7.5, 8.5, 8.5, 12.5 ], "texture": "#lamp" },
				"west": { "uv": [ 8, 12.5, 7.5, 8.5 ], "texture": "#lamp", "rotation": 180 },
				"east": { "uv": [ 8, 8.5, 8.5, 12.5 ], "texture": "#lamp" }
			}
		},
		{
			"__comment": "A6",
			"from": [ 9, 3.5, 8 ],
			"to": [ 10, 4, 9 ],
			"faces": {
				"down": { "uv": [ 10, 12.5, 9, 12 ], "texture": "#lamp", "rotation": 180 },
				"up": { "uv": [ 10, 12, 9, 12.5 ], "texture": "#lamp", "rotation": 180 },
				"north": { "uv": [ 10, 12, 9, 12.5 ], "texture": "#lamp" },
				"south": { "uv": [ 9, 12, 10, 12.5 ], "texture": "#lamp" },
				"west": { "uv": [ 9.5, 12.5, 9, 12 ], "texture": "#lamp", "rotation": 180 },
				"east": { "uv": [ 9.5, 12, 10, 12.5 ], "texture": "#lamp" }
			}
		},
		{
			"__comment": "A7",
			"from": [ 9.5, 4, 8.25 ],
			"to": [ 10, 8, 8.75 ],
			"faces": {
				"down": { "uv": [ 10, 12, 9.5, 11.5 ], "texture": "#lamp", "rotation": 180 },
				"up": { "uv": [ 10, 8, 9.5, 8.5 ], "texture": "#lamp", "rotation": 180 },
				"north": { "uv": [ 10, 8, 9.5, 12 ], "texture": "#lamp" },
				"south": { "uv": [ 9.5, 8, 10, 12 ], "texture": "#lamp" },
				"west": { "uv": [ 10, 12, 9.5, 8 ], "texture": "#lamp", "rotation": 180 },
				"east": { "uv": [ 9.5, 8, 10, 12 ], "texture": "#lamp" }
			}
		},
		{
			"__comment": "Box16",
			"from": [ 5.5, 8.5, 6 ],
			"to": [ 10.5, 11, 11 ],
			"faces": {
				"down": { "uv": [ 10.5, 7.5, 6, 7 ], "texture": "#lamp", "rotation": 180 },
				"up": { "uv": [ 10.5, 3.5, 6, 4 ], "texture": "#lamp", "rotation": 180 },
				"north": { "uv": [ 10.5, 5, 5.5, 8 ], "texture": "#lamp" },
				"south": { "uv": [ 5.5, 5, 10.5, 7.5 ], "texture": "#lamp" },
				"west": { "uv": [ 10.5, 7.5, 5.5, 5 ], "texture": "#lamp", "rotation": 180 },
				"east": { "uv": [ 5.5, 5, 10.5, 7.5 ], "texture": "#lamp" }
			}
		},
		{
			"__comment": "Box10",
			"from": [ 5, 11, 5.5 ],
			"to": [ 11, 11.5, 11.5 ],
			"faces": {
				"down": { "uv": [ 11, 5, 5, 4.5 ], "texture": "#lamp", "rotation": 180 },
				"up": { "uv": [ 11, 4.5, 5, 5 ], "texture": "#lamp", "rotation": 180 },
				"north": { "uv": [ 11, 4.5, 5, 5 ], "texture": "#lamp" },
				"south": { "uv": [ 5, 4.5, 11, 5 ], "texture": "#lamp" },
				"west": { "uv": [ 5.5, 5, 5, 4.5 ], "texture": "#lamp", "rotation": 180 },
				"east": { "uv": [ 10.5, 4.5, 11, 5 ], "texture": "#lamp" }
			}
		},
		{
			"__comment": "Box10",
			"from": [ 5.75, 11.5, 5.5 ],
			"to": [ 10.25, 12, 11.5 ],
			"faces": {
				"down": { "uv": [ 10, 4.5, 6, 4 ], "texture": "#lamp", "rotation": 180 },
				"up": { "uv": [ 10, 4, 6, 4.5 ], "texture": "#lamp", "rotation": 180 },
				"north": { "uv": [ 10, 4, 6, 4.5 ], "texture": "#lamp" },
				"south": { "uv": [ 6, 4, 10, 4.5 ], "texture": "#lamp" },
				"west": { "uv": [ 6.5, 4.5, 6, 4 ], "texture": "#lamp", "rotation": 180 },
				"east": { "uv": [ 9.5, 4, 10, 4.5 ], "texture": "#lamp" }
			}
		},
		{
			"__comment": "Box10",
			"from": [ 5.5, 12, 5.5 ],
			"to": [ 10.5, 12.5, 11.5 ],
			"faces": {
				"down": { "uv": [ 10.5, 4, 5.5, 3.5 ], "texture": "#lamp", "rotation": 180 },
				"up": { "uv": [ 10.5, 3.5, 5.5, 4 ], "texture": "#lamp", "rotation": 180 },
				"north": { "uv": [ 10.5, 3.5, 5.5, 4 ], "texture": "#lamp" },
				"south": { "uv": [ 5.5, 3.5, 10.5, 4 ], "texture": "#lamp" },
				"west": { "uv": [ 6, 4, 5.5, 3.5 ], "texture": "#lamp", "rotation": 180 },
				"east": { "uv": [ 10, 3.5, 10.5, 4 ], "texture": "#lamp" }
			}
		},
		{
			"__comment": "Box32",
			"from": [ 5.5, 12.5, 8 ],
			"to": [ 6, 13, 9 ],
			"faces": {
				"down": { "uv": [ 10.5, 3.5, 10, 3 ], "texture": "#lamp", "rotation": 180 },
				"up": { "uv": [ 10.5, 3, 10, 3.5 ], "texture": "#lamp", "rotation": 180 },
				"north": { "uv": [ 10.5, 3, 10, 3.5 ], "texture": "#lamp" },
				"south": { "uv": [ 10, 3, 10.5, 3.5 ], "texture": "#lamp" },
				"west": { "uv": [ 10.5, 3.5, 10, 3 ], "texture": "#lamp", "rotation": 180 },
				"east": { "uv": [ 10, 3, 10.5, 3.5 ], "texture": "#lamp" }
			}
		},
		{
			"__comment": "Box29",
			"from": [ 8.875, 12.5, 9.25 ],
			"to": [ 9.375, 13, 9.75 ],
			"faces": {
				"down": { "uv": [ 9.5, 3.5, 9, 3 ], "texture": "#lamp", "rotation": 180 },
				"up": { "uv": [ 9.5, 3, 9, 3.5 ], "texture": "#lamp", "rotation": 180 },
				"north": { "uv": [ 9.5, 3, 9, 3.5 ], "texture": "#lamp" },
				"south": { "uv": [ 9, 3, 9.5, 3.5 ], "texture": "#lamp" },
				"west": { "uv": [ 9.5, 3.5, 9, 3 ], "texture": "#lamp", "rotation": 180 },
				"east": { "uv": [ 9, 3, 9.5, 3.5 ], "texture": "#lamp" }
			}
		},
		{
			"__comment": "Box28",
			"from": [ 8.875, 12.5, 8.25 ],
			"to": [ 9.375, 13, 8.75 ],
			"faces": {
				"down": { "uv": [ 8.5, 3.5, 8, 3 ], "texture": "#lamp", "rotation": 180 },
				"up": { "uv": [ 8.5, 3, 8, 3.5 ], "texture": "#lamp", "rotation": 180 },
				"north": { "uv": [ 8.5, 3, 8, 3.5 ], "texture": "#lamp" },
				"south": { "uv": [ 8, 3, 8.5, 3.5 ], "texture": "#lamp" },
				"west": { "uv": [ 8.5, 3.5, 8, 3 ], "texture": "#lamp", "rotation": 180 },
				"east": { "uv": [ 8, 3, 8.5, 3.5 ], "texture": "#lamp" }
			}
		},
		{
			"__comment": "Box21",
			"from": [ 6.625, 12.5, 9.25 ],
			"to": [ 7.125, 13, 9.75 ],
			"faces": {
				"down": { "uv": [ 7.5, 3.5, 6.5, 3 ], "texture": "#lamp", "rotation": 180 },
				"up": { "uv": [ 7.5, 3, 6.5, 3.5 ], "texture": "#lamp", "rotation": 180 },
				"north": { "uv": [ 7.5, 3, 6.5, 3.5 ], "texture": "#lamp" },
				"south": { "uv": [ 6.5, 3, 7.5, 3.5 ], "texture": "#lamp" },
				"west": { "uv": [ 7, 3.5, 6.5, 3 ], "texture": "#lamp", "rotation": 180 },
				"east": { "uv": [ 7, 3, 7.5, 3.5 ], "texture": "#lamp" }
			}
		},
		{
			"__comment": "Box29",
			"from": [ 8.875, 12.5, 7.125 ],
			"to": [ 9.375, 13, 7.625 ],
			"faces": {
				"down": { "uv": [ 9.5, 3.5, 9, 3 ], "texture": "#lamp", "rotation": 180 },
				"up": { "uv": [ 9.5, 3, 9, 3.5 ], "texture": "#lamp", "rotation": 180 },
				"north": { "uv": [ 9.5, 3, 9, 3.5 ], "texture": "#lamp" },
				"south": { "uv": [ 9, 3, 9.5, 3.5 ], "texture": "#lamp" },
				"west": { "uv": [ 9.5, 3.5, 9, 3 ], "texture": "#lamp", "rotation": 180 },
				"east": { "uv": [ 9, 3, 9.5, 3.5 ], "texture": "#lamp" }
			}
		},
		{
			"__comment": "Box28",
			"from": [ 7.75, 12.5, 7.125 ],
			"to": [ 8.25, 13, 7.625 ],
			"faces": {
				"down": { "uv": [ 8.5, 3.5, 8, 3 ], "texture": "#lamp", "rotation": 180 },
				"up": { "uv": [ 8.5, 3, 8, 3.5 ], "texture": "#lamp", "rotation": 180 },
				"north": { "uv": [ 8.5, 3, 8, 3.5 ], "texture": "#lamp" },
				"south": { "uv": [ 8, 3, 8.5, 3.5 ], "texture": "#lamp" },
				"west": { "uv": [ 8.5, 3.5, 8, 3 ], "texture": "#lamp", "rotation": 180 },
				"east": { "uv": [ 8, 3, 8.5, 3.5 ], "texture": "#lamp" }
			}
		},
		{
			"__comment": "Box21",
			"from": [ 6.625, 12.5, 7.125 ],
			"to": [ 7.125, 13, 7.625 ],
			"faces": {
				"down": { "uv": [ 7.5, 3.5, 6.5, 3 ], "texture": "#lamp", "rotation": 180 },
				"up": { "uv": [ 7.5, 3, 6.5, 3.5 ], "texture": "#lamp", "rotation": 180 },
				"north": { "uv": [ 7.5, 3, 6.5, 3.5 ], "texture": "#lamp" },
				"south": { "uv": [ 6.5, 3, 7.5, 3.5 ], "texture": "#lamp" },
				"west": { "uv": [ 7, 3.5, 6.5, 3 ], "texture": "#lamp", "rotation": 180 },
				"east": { "uv": [ 7, 3, 7.5, 3.5 ], "texture": "#lamp" }
			}
		},
		{
			"__comment": "Box28",
			"from": [ 7.75, 12.5, 9.25 ],
			"to": [ 8.25, 13, 9.75 ],
			"faces": {
				"down": { "uv": [ 8.5, 3.5, 8, 3 ], "texture": "#lamp", "rotation": 180 },
				"up": { "uv": [ 8.5, 3, 8, 3.5 ], "texture": "#lamp", "rotation": 180 },
				"north": { "uv": [ 8.5, 3, 8, 3.5 ], "texture": "#lamp" },
				"south": { "uv": [ 8, 3, 8.5, 3.5 ], "texture": "#lamp" },
				"west": { "uv": [ 8.5, 3.5, 8, 3 ], "texture": "#lamp", "rotation": 180 },
				"east": { "uv": [ 8, 3, 8.5, 3.5 ], "texture": "#lamp" }
			}
		},
		{
			"__comment": "Box28",
			"from": [ 6.625, 12.5, 8.25 ],
			"to": [ 7.125, 13, 8.75 ],
			"faces": {
				"down": { "uv": [ 8.5, 3.5, 8, 3 ], "texture": "#lamp", "rotation": 180 },
				"up": { "uv": [ 8.5, 3, 8, 3.5 ], "texture": "#lamp", "rotation": 180 },
				"north": { "uv": [ 8.5, 3, 8, 3.5 ], "texture": "#lamp" },
				"south": { "uv": [ 8, 3, 8.5, 3.5 ], "texture": "#lamp" },
				"west": { "uv": [ 8.5, 3.5, 8, 3 ], "texture": "#lamp", "rotation": 180 },
				"east": { "uv": [ 8, 3, 8.5, 3.5 ], "texture": "#lamp" }
			}
		}
	]
}