{
	"__comment": "Designed by Kixiko with Cubik Studio - https://cubik.studio",
	"textures": {
		"particle": "block/oak_planks",
		"texture": "block/oak_planks"
	},
	"elements": [ 	 
		{
			"__comment": "Box1",
			"from": [ 2, 0, 13.5 ],
			"to": [ 4.5, 16, 16 ],
			"faces": {
				"down": { "uv": [ 2, 13.5, 4.5, 16 ], "texture": "#texture" },
				"up": { "uv": [ 2, 0, 4.5, 2.5 ], "texture": "#texture" },
				"north": { "uv": [ 2, 0, 4.5, 16 ], "texture": "#texture" },
				"south": { "uv": [ 2, 0, 4.5, 16 ], "texture": "#texture" },
				"west": { "uv": [ 2, 0, 4.5, 16 ], "texture": "#texture" },
				"east": { "uv": [ 2, 0, 4.5, 16 ], "texture": "#texture" }
			}
		},
		{
			"__comment": "Box1",
			"from": [ 11.5, 0, 13.5 ],
			"to": [ 14, 16, 16 ],
			"faces": {
				"down": { "uv": [ 11.5, 13.5, 14, 16 ], "texture": "#texture" },
				"up": { "uv": [ 11.5, 0, 14, 2.5 ], "texture": "#texture" },
				"north": { "uv": [ 11.5, 0, 14, 16 ], "texture": "#texture" },
				"south": { "uv": [ 11.5, 0, 14, 16 ], "texture": "#texture" },
				"west": { "uv": [ 11.5, 0, 14, 16 ], "texture": "#texture" },
				"east": { "uv": [ 11.5, 0, 14, 16 ], "texture": "#texture" }
			}
		},
		{
			"__comment": "Box3",
			"from": [ 1, 1.5, 14 ],
			"to": [ 15, 3.5, 15.5 ],
			"faces": {
				"down": { "uv": [ 1, 12.5, 15, 14 ], "texture": "#texture" },
				"up": { "uv": [ 1, 12.5, 15, 14 ], "texture": "#texture" },
				"north": { "uv": [ 1, 12.5, 15, 14.5 ], "texture": "#texture" },
				"south": { "uv": [ 1, 12.5, 15, 14.5 ], "texture": "#texture" },
				"west": { "uv": [ 12, 12.5, 13.5, 14.5 ], "texture": "#texture" },
				"east": { "uv": [ 2.5, 12.5, 4, 14.5 ], "texture": "#texture" }
			}
		},
		{
			"__comment": "Box3",
			"from": [ 1, 7, 14 ],
			"to": [ 15, 9, 15.5 ],
			"faces": {
				"down": { "uv": [ 1, 7, 15, 8.5 ], "texture": "#texture" },
				"up": { "uv": [ 1, 7, 15, 8.5 ], "texture": "#texture" },
				"north": { "uv": [ 1, 7, 15, 9 ], "texture": "#texture" },
				"south": { "uv": [ 1, 7, 15, 9 ], "texture": "#texture" },
				"west": { "uv": [ 2.5, 7, 4, 9 ], "texture": "#texture" },
				"east": { "uv": [ 12, 7, 13.5, 9 ], "texture": "#texture" }
			}
		},
		{
			"__comment": "Box3",
			"from": [ 1, 12.5, 14 ],
			"to": [ 15, 14.5, 15.5 ],
			"faces": {
				"down": { "uv": [ 1, 1.5, 15, 3 ], "texture": "#texture" },
				"up": { "uv": [ 1, 1.5, 15, 3 ], "texture": "#texture" },
				"north": { "uv": [ 1, 1.5, 15, 3.5 ], "texture": "#texture" },
				"south": { "uv": [ 1, 1.5, 15, 3.5 ], "texture": "#texture" },
				"west": { "uv": [ 2.5, 1.5, 4, 3.5 ], "texture": "#texture" },
				"east": { "uv": [ 12, 1.5, 13.5, 3.5 ], "texture": "#texture" }
			}
		}
	],
	"display": {
		"thirdperson_righthand": {
			"rotation":  [ 75, 45, 0 ],
			"translation":  [ 0, 2.5, 0 ],
			"scale":  [ 0.5, 0.5, 0.5 ]
		},
		"thirdperson_lefthand": {
			"rotation":  [ 75, 45, 0 ],
			"translation":  [ 0, 2.5, 0 ],
			"scale":  [ 0.5, 0.5, 0.5 ]
		},
		"firstperson_righthand": {
			"rotation":  [ 0, 45, 0 ],
			"scale":  [ 0.4, 0.4, 0.4 ]
		},
		"firstperson_lefthand": {
			"rotation":  [ 0, 45, 0 ],
			"scale":  [ 0.4, 0.4, 0.4 ]
		},
		"fixed": {
			"translation":  [ 0, 0, -6 ]
		}
	}
}