{
	"__comment": "Designed by Zeibo with Cubik Studio - https://cubik.studio",
	"textures": {
		"particle": "block/fence",
		"texture": "block/fence"
	},
	"elements": [ 	 
		{
			"__comment": "lower bar",
			"from": [ 6.5, 6.5, 5.5 ],
			"to": [ 9.5, 9.5, 6 ],
			"faces": {
				"down": { "uv": [ 7, 0, 9, 9 ], "texture": "#texture" },
				"up": { "uv": [ 7, 0, 9, 9 ], "texture": "#texture" },
				"north": { "uv": [ 7, 7, 9, 10 ], "texture": "#texture", "cullface": "north" },
				"south": { "uv": [ 7, 7, 9, 10 ], "texture": "#texture" },
				"west": { "uv": [ 0, 7, 9, 10 ], "texture": "#texture" },
				"east": { "uv": [ 0, 7, 9, 10 ], "texture": "#texture" }
			}
		},
		{
			"__comment": "lower bar",
			"from": [ 5.5, 5.5, 0 ],
			"to": [ 10.5, 10.5, 5.5 ],
			"faces": {
				"down": { "uv": [ 7, 0, 9, 9 ], "texture": "#texture" },
				"up": { "uv": [ 7, 0, 9, 9 ], "texture": "#texture" },
				"north": { "uv": [ 7, 7, 9, 10 ], "texture": "#texture", "cullface": "north" },
				"south": { "uv": [ 7, 7, 9, 10 ], "texture": "#texture" },
				"west": { "uv": [ 0, 7, 9, 10 ], "texture": "#texture" },
				"east": { "uv": [ 0, 7, 9, 10 ], "texture": "#texture" }
			}
		}
	]
}