{
	"__comment": "Designed by Zeibo with Cubik Studio - https://cubik.studio",
	"textures": {
		"particle": "block/fence",
		"texture": "block/fence"
	},
	"elements": [ 	 
		{
			"__comment": "Box2",
			"from": [ 5.5, 15, 5.5 ],
			"to": [ 10.5, 16, 10.5 ],
			"faces": {
				"down": { "uv": [ 5.5, 5.5, 10.5, 10.5 ], "texture": "#texture" },
				"up": { "uv": [ 5.5, 5.5, 10.5, 10.5 ], "texture": "#texture" },
				"north": { "uv": [ 5.5, 0, 10.5, 1 ], "texture": "#texture" },
				"south": { "uv": [ 5.5, 0, 10.5, 1 ], "texture": "#texture" },
				"west": { "uv": [ 5.5, 0, 10.5, 1 ], "texture": "#texture" },
				"east": { "uv": [ 5.5, 0, 10.5, 1 ], "texture": "#texture" }
			}
		},
		{
			"__comment": "Box2",
			"from": [ 5.5, 0, 5.5 ],
			"to": [ 10.5, 1, 10.5 ],
			"faces": {
				"down": { "uv": [ 5.5, 5.5, 10.5, 10.5 ], "texture": "#texture" },
				"up": { "uv": [ 5.5, 5.5, 10.5, 10.5 ], "texture": "#texture" },
				"north": { "uv": [ 5.5, 15, 10.5, 16 ], "texture": "#texture" },
				"south": { "uv": [ 5.5, 15, 10.5, 16 ], "texture": "#texture" },
				"west": { "uv": [ 5.5, 15, 10.5, 16 ], "texture": "#texture" },
				"east": { "uv": [ 5.5, 15, 10.5, 16 ], "texture": "#texture" }
			}
		},
		{
			"__comment": "Box2",
			"from": [ 6.5, 1, 6.5 ],
			"to": [ 9.5, 2.5, 9.5 ],
			"faces": {
				"down": { "uv": [ 6.5, 6.5, 9.5, 9.5 ], "texture": "#texture" },
				"up": { "uv": [ 6.5, 6.5, 9.5, 9.5 ], "texture": "#texture" },
				"north": { "uv": [ 6.5, 13.5, 9.5, 15 ], "texture": "#texture" },
				"south": { "uv": [ 6.5, 13.5, 9.5, 15 ], "texture": "#texture" },
				"west": { "uv": [ 6.5, 13.5, 9.5, 15 ], "texture": "#texture" },
				"east": { "uv": [ 6.5, 13.5, 9.5, 15 ], "texture": "#texture" }
			}
		},
		{
			"__comment": "Box2",
			"from": [ 6.5, 13.5, 6.5 ],
			"to": [ 9.5, 15, 9.5 ],
			"faces": {
				"down": { "uv": [ 6.5, 6.5, 9.5, 9.5 ], "texture": "#texture" },
				"up": { "uv": [ 6.5, 6.5, 9.5, 9.5 ], "texture": "#texture" },
				"north": { "uv": [ 6.5, 1, 9.5, 2.5 ], "texture": "#texture" },
				"south": { "uv": [ 6.5, 1, 9.5, 2.5 ], "texture": "#texture" },
				"west": { "uv": [ 6.5, 1, 9.5, 2.5 ], "texture": "#texture" },
				"east": { "uv": [ 6.5, 1, 9.5, 2.5 ], "texture": "#texture" }
			}
		},
		{
			"__comment": "Box2",
			"from": [ 6, 12.5, 6 ],
			"to": [ 10, 13.5, 10 ],
			"faces": {
				"down": { "uv": [ 6, 6, 10, 10 ], "texture": "#texture" },
				"up": { "uv": [ 6, 6, 10, 10 ], "texture": "#texture" },
				"north": { "uv": [ 6, 2.5, 10, 3.5 ], "texture": "#texture" },
				"south": { "uv": [ 6, 2.5, 10, 3.5 ], "texture": "#texture" },
				"west": { "uv": [ 6, 2.5, 10, 3.5 ], "texture": "#texture" },
				"east": { "uv": [ 6, 2.5, 10, 3.5 ], "texture": "#texture" }
			}
		},
		{
			"__comment": "Box2",
			"from": [ 6, 2.5, 6 ],
			"to": [ 10, 3.5, 10 ],
			"faces": {
				"down": { "uv": [ 6, 6, 10, 10 ], "texture": "#texture" },
				"up": { "uv": [ 6, 6, 10, 10 ], "texture": "#texture" },
				"north": { "uv": [ 6, 12.5, 10, 13.5 ], "texture": "#texture" },
				"south": { "uv": [ 6, 12.5, 10, 13.5 ], "texture": "#texture" },
				"west": { "uv": [ 6, 12.5, 10, 13.5 ], "texture": "#texture" },
				"east": { "uv": [ 6, 12.5, 10, 13.5 ], "texture": "#texture" }
			}
		},
		{
			"__comment": "Box2",
			"from": [ 7, 3.5, 7 ],
			"to": [ 9, 5.5, 9 ],
			"faces": {
				"down": { "uv": [ 7, 7, 9, 9 ], "texture": "#texture" },
				"up": { "uv": [ 7, 7, 9, 9 ], "texture": "#texture" },
				"north": { "uv": [ 7, 10.5, 9, 12.5 ], "texture": "#texture" },
				"south": { "uv": [ 7, 10.5, 9, 12.5 ], "texture": "#texture" },
				"west": { "uv": [ 7, 10.5, 9, 12.5 ], "texture": "#texture" },
				"east": { "uv": [ 7, 10.5, 9, 12.5 ], "texture": "#texture" }
			}
		},
		{
			"__comment": "Box2",
			"from": [ 6, 5.5, 6 ],
			"to": [ 10, 10.5, 10 ],
			"faces": {
				"down": { "uv": [ 6, 6, 10, 10 ], "texture": "#texture" },
				"up": { "uv": [ 6, 6, 10, 10 ], "texture": "#texture" },
				"north": { "uv": [ 6, 5.5, 10, 10.5 ], "texture": "#texture" },
				"south": { "uv": [ 6, 5.5, 10, 10.5 ], "texture": "#texture" },
				"west": { "uv": [ 6, 5.5, 10, 10.5 ], "texture": "#texture" },
				"east": { "uv": [ 6, 5.5, 10, 10.5 ], "texture": "#texture" }
			}
		},
		{
			"__comment": "Box2",
			"from": [ 7, 10.5, 7 ],
			"to": [ 9, 12.5, 9 ],
			"faces": {
				"down": { "uv": [ 7, 7, 9, 9 ], "texture": "#texture" },
				"up": { "uv": [ 7, 7, 9, 9 ], "texture": "#texture" },
				"north": { "uv": [ 7, 3.5, 9, 5.5 ], "texture": "#texture" },
				"south": { "uv": [ 7, 3.5, 9, 5.5 ], "texture": "#texture" },
				"west": { "uv": [ 7, 3.5, 9, 5.5 ], "texture": "#texture" },
				"east": { "uv": [ 7, 3.5, 9, 5.5 ], "texture": "#texture" }
			}
		}
	]
}