{
	"__comment": "Designed by Zeibo with Cubik Studio - https://cubik.studio",
	"parent": "block/block",
	"textures": {
		"particle": "block/oak_log",
		"texture": "block/oak_log",
		"texture1": "block/oak_log_top"
	},
	"elements": [ 	 
		{
			"__comment": "Element",
			"from": [ 0, 0, 0 ],
			"to": [ 16, 16, 16 ],
			"faces": {
				"down": { "uv": [ 0.5, 1, 15, 15 ], "texture": "#texture1", "cullface": "down" },
				"up": { "uv": [ 0.5, 1, 15, 15 ], "texture": "#texture1", "cullface": "up" },
				"north": { "uv": [ 0, 0, 16, 16 ], "texture": "#texture", "cullface": "north" },
				"south": { "uv": [ 0, 0, 16, 16 ], "texture": "#texture", "cullface": "south" },
				"west": { "uv": [ 0, 0, 16, 16 ], "texture": "#texture", "cullface": "west" },
				"east": { "uv": [ 0, 0, 16, 16 ], "texture": "#texture", "cullface": "east" }
			}
		},
		{
			"__comment": "Element",
			"from": [ 1, 0, -1 ],
			"to": [ 15, 16, 0 ],
			"faces": {
				"down": { "uv": [ 1, 0, 15, 1 ], "texture": "#texture1", "cullface": "down" },
				"up": { "uv": [ 1, 0, 15, 1 ], "texture": "#texture1", "cullface": "up" },
				"north": { "uv": [ 1, 0, 15, 16 ], "texture": "#texture", "cullface": "north" },
				"south": { "uv": [ 1, 0, 15, 16 ], "texture": "#texture", "cullface": "south" },
				"west": { "uv": [ 14, 0, 15, 16 ], "texture": "#texture", "cullface": "west" },
				"east": { "uv": [ 1, 0, 2, 16 ], "texture": "#texture", "cullface": "east" }
			}
		},
		{
			"__comment": "Element",
			"from": [ 1, 0, 16 ],
			"to": [ 15, 16, 17 ],
			"faces": {
				"down": { "uv": [ 1, 0, 15, 1 ], "texture": "#texture1", "cullface": "down" },
				"up": { "uv": [ 1, 0, 15, 1 ], "texture": "#texture1", "cullface": "up" },
				"north": { "uv": [ 1, 0, 15, 16 ], "texture": "#texture", "cullface": "north" },
				"south": { "uv": [ 1, 0, 15, 16 ], "texture": "#texture", "cullface": "south" },
				"west": { "uv": [ 1, 0, 2, 16 ], "texture": "#texture", "cullface": "west" },
				"east": { "uv": [ 14, 0, 15, 16 ], "texture": "#texture", "cullface": "east" }
			}
		},
		{
			"__comment": "Element",
			"from": [ 16, 0, 1 ],
			"to": [ 17, 16, 15 ],
			"faces": {
				"down": { "uv": [ 1, 0, 15, 1 ], "texture": "#texture1", "cullface": "down", "rotation": 270 },
				"up": { "uv": [ 1, 0, 15, 1 ], "texture": "#texture1", "cullface": "up", "rotation": 90 },
				"north": { "uv": [ 14, 0, 15, 16 ], "texture": "#texture", "cullface": "west" },
				"south": { "uv": [ 1, 0, 2, 16 ], "texture": "#texture", "cullface": "east" },
				"west": { "uv": [ 1, 0, 15, 16 ], "texture": "#texture", "cullface": "south" },
				"east": { "uv": [ 1, 0, 15, 16 ], "texture": "#texture", "cullface": "north" }
			}
		},
		{
			"__comment": "Element",
			"from": [ -1, 0, 1 ],
			"to": [ 0, 16, 15 ],
			"faces": {
				"down": { "uv": [ 1, 0, 15, 1 ], "texture": "#texture1", "cullface": "down", "rotation": 270 },
				"up": { "uv": [ 1, 0, 15, 1 ], "texture": "#texture1", "cullface": "up", "rotation": 90 },
				"north": { "uv": [ 1, 0, 2, 16 ], "texture": "#texture", "cullface": "west" },
				"south": { "uv": [ 14, 0, 15, 16 ], "texture": "#texture", "cullface": "east" },
				"west": { "uv": [ 1, 0, 15, 16 ], "texture": "#texture", "cullface": "south" },
				"east": { "uv": [ 1, 0, 15, 16 ], "texture": "#texture", "cullface": "north" }
			}
		},
		{
			"__comment": "Element",
			"from": [ 3, 0, -2 ],
			"to": [ 13, 16, -1 ],
			"faces": {
				"down": { "uv": [ 3, 0, 13, 1 ], "texture": "#texture1", "cullface": "down" },
				"up": { "uv": [ 3, 0, 13, 1 ], "texture": "#texture1", "cullface": "up" },
				"north": { "uv": [ 3, 0, 13, 16 ], "texture": "#texture", "cullface": "north" },
				"south": { "uv": [ 3, 0, 13, 16 ], "texture": "#texture", "cullface": "south" },
				"west": { "uv": [ 12, 0, 13, 16 ], "texture": "#texture", "cullface": "west" },
				"east": { "uv": [ 3, 0, 4, 16 ], "texture": "#texture", "cullface": "east" }
			}
		},
		{
			"__comment": "Element",
			"from": [ 3, 0, 17 ],
			"to": [ 13, 16, 18 ],
			"faces": {
				"down": { "uv": [ 3, 0, 13, 1 ], "texture": "#texture1", "cullface": "down" },
				"up": { "uv": [ 3, 0, 13, 1 ], "texture": "#texture1", "cullface": "up" },
				"north": { "uv": [ 3, 0, 13, 16 ], "texture": "#texture", "cullface": "north" },
				"south": { "uv": [ 3, 0, 13, 16 ], "texture": "#texture", "cullface": "south" },
				"west": { "uv": [ 4, 0, 5, 16 ], "texture": "#texture", "cullface": "west" },
				"east": { "uv": [ 12, 0, 13, 16 ], "texture": "#texture", "cullface": "east" }
			}
		},
		{
			"__comment": "Element",
			"from": [ 17, 0, 3 ],
			"to": [ 18, 16, 13 ],
			"faces": {
				"down": { "uv": [ 3, 0, 13, 1 ], "texture": "#texture1", "cullface": "down", "rotation": 270 },
				"up": { "uv": [ 3, 0, 13, 1 ], "texture": "#texture1", "cullface": "up", "rotation": 90 },
				"north": { "uv": [ 12, 0, 13, 16 ], "texture": "#texture", "cullface": "west" },
				"south": { "uv": [ 3, 0, 4, 16 ], "texture": "#texture", "cullface": "east" },
				"west": { "uv": [ 3, 0, 13, 16 ], "texture": "#texture", "cullface": "south" },
				"east": { "uv": [ 3, 0, 13, 16 ], "texture": "#texture", "cullface": "north" }
			}
		},
		{
			"__comment": "Element",
			"from": [ -2, 0, 3 ],
			"to": [ -1, 16, 13 ],
			"faces": {
				"down": { "uv": [ 3, 0, 13, 1 ], "texture": "#texture1", "cullface": "down", "rotation": 270 },
				"up": { "uv": [ 3, 0, 13, 1 ], "texture": "#texture1", "cullface": "up", "rotation": 90 },
				"north": { "uv": [ 4, 0, 5, 16 ], "texture": "#texture", "cullface": "west" },
				"south": { "uv": [ 12, 0, 13, 16 ], "texture": "#texture", "cullface": "east" },
				"west": { "uv": [ 3, 0, 13, 16 ], "texture": "#texture", "cullface": "south" },
				"east": { "uv": [ 3, 0, 13, 16 ], "texture": "#texture", "cullface": "north" }
			}
		}
	]
}