{
	"__comment": "Designed by Zeibo with Cubik Studio - https://cubik.studio",
	"ambientocclusion": false,
	"textures": {
		"particle": "block/torch",
		"torch": "block/torch",
		"texture": "block/stone_slab_top"
	},
	"elements": [ 	 
		{
			"__comment": "Box4",
			"from": [ 7, 0, 7 ],
			"to": [ 9, 10, 9 ],
			"rotation": { "origin": [ 7, 0, 7 ], "axis": "z", "angle": 0 },
			"faces": {
				"down": { "uv": [ 7, 14, 9, 15 ], "texture": "#torch" },
				"up": { "uv": [ 7, 6, 9, 7 ], "texture": "#torch" },
				"north": { "uv": [ 7, 6, 9, 16 ], "texture": "#torch" },
				"south": { "uv": [ 7, 6, 9, 16 ], "texture": "#torch" },
				"west": { "uv": [ 7, 6, 9, 16 ], "texture": "#torch" },
				"east": { "uv": [ 7, 6, 9, 16 ], "texture": "#torch" }
			}
		}
	]
}