{
	"__comment": "Designed by Zeibo with Cubik Studio - https://cubik.studio",
	"ambientocclusion": false,
	"textures": {
		"particle": "block/torch",
		"torch": "block/torch",
		"texture": "block/stone_slab_top"
	},
	"elements": [ 	 
		{
			"__comment": "Box4",
			"from": [ -0.875, 4, 7 ],
			"to": [ 1.125, 14, 9 ],
			"rotation": { "origin": [ -0.875, 4, 7 ], "axis": "z", "angle": -22.5 },
			"faces": {
				"down": { "uv": [ 7, 14, 9, 15 ], "texture": "#torch" },
				"up": { "uv": [ 7, 6, 9, 7 ], "texture": "#torch" },
				"north": { "uv": [ 7, 6, 9, 16 ], "texture": "#torch" },
				"south": { "uv": [ 7, 6, 9, 16 ], "texture": "#torch" },
				"west": { "uv": [ 7, 6, 9, 16 ], "texture": "#torch" },
				"east": { "uv": [ 7, 6, 9, 16 ], "texture": "#torch" }
			}
		},
		{
			"__comment": "Box5",
			"from": [ -1.375, 7, 9 ],
			"to": [ 3.625, 8, 9.5 ],
			"faces": {
				"down": { "uv": [ 0, 0, 16, 16 ], "texture": "#texture" },
				"up": { "uv": [ 0, 0, 16, 16 ], "texture": "#texture" },
				"north": { "uv": [ 0, 0, 16, 16 ], "texture": "#texture" },
				"south": { "uv": [ 0, 0, 16, 16 ], "texture": "#texture" },
				"west": { "uv": [ 0, 0, 16, 16 ], "texture": "#texture" },
				"east": { "uv": [ 0, 0, 16, 16 ], "texture": "#texture" }
			}
		},
		{
			"__comment": "Box5",
			"from": [ -1.375, 7, 6.5 ],
			"to": [ 3.625, 8, 7 ],
			"faces": {
				"down": { "uv": [ 0, 0, 16, 16 ], "texture": "#texture" },
				"up": { "uv": [ 0, 0, 16, 16 ], "texture": "#texture" },
				"north": { "uv": [ 0, 0, 16, 16 ], "texture": "#texture" },
				"south": { "uv": [ 0, 0, 16, 16 ], "texture": "#texture" },
				"west": { "uv": [ 0, 0, 16, 16 ], "texture": "#texture" },
				"east": { "uv": [ 0, 0, 16, 16 ], "texture": "#texture" }
			}
		},
		{
			"__comment": "Box5",
			"from": [ 3.25, 7.125, 6.25 ],
			"to": [ 3.75, 8.125, 9.75 ],
			"faces": {
				"down": { "uv": [ 0, 0, 16, 16 ], "texture": "#texture" },
				"up": { "uv": [ 0, 0, 16, 16 ], "texture": "#texture" },
				"north": { "uv": [ 0, 0, 16, 16 ], "texture": "#texture" },
				"south": { "uv": [ 0, 0, 16, 16 ], "texture": "#texture" },
				"west": { "uv": [ 0, 0, 16, 16 ], "texture": "#texture" },
				"east": { "uv": [ 0, 0, 16, 16 ], "texture": "#texture" }
			}
		}
	]
}