{
  "parent": "minecraft:block/block",
  "textures": {
    "leaf": "block/grass/monsteras_leaf",
    "stem": "block/grass/monsteras_stem",
    "particle": "block/grass/monsteras"
  },
  "elements": [
        {   "from": [ 0.8, 0, 8 ],
            "to": [ 15.2, 10, 8 ],
            "shade": false,
            "faces": {
                "north": { "uv": [ 0, 0, 16, 16 ], "texture": "#stem" },
                "south": { "uv": [ 0, 0, 16, 16 ], "texture": "#stem" }
            }
        },
        {   "from": [ 8, 0, 0.8 ],
            "to": [ 8, 10, 15.2 ],
            "shade": false,
            "faces": {
                "west": { "uv": [ 0, 0, 16, 16 ], "texture": "#stem" },
                "east": { "uv": [ 0, 0, 16, 16 ], "texture": "#stem" }
            }
        },
	{
	   "from": [0,10,10],
	   "to": [16,10,26],
	   "rotation": {"origin": [8,8,8],
		"axis":"x",
		"angle":22.5,
		"rescale":true
		},
	   "faces": {
		"up": {"uv":[0,0,16,16],
		    "texture":"#leaf"
		    },
		"down": {"uv":[16,0,0,16],
		    "texture":"#leaf",
		    "rotation":180
		    }
		}
	},
	{
	   "from": [-10,10,0],
	   "to": [6,10,16],
	   "rotation": {"origin": [8,8,8],
		"axis":"z",
		"angle":22.5,
		"rescale":true
		},
	   "faces": {
		"up": {"uv":[0,0,16,16],
		    "texture":"#leaf",
		    "rotation":90
		    },
		"down": {"uv":[16,0,0,16],
		    "texture":"#leaf",
		    "rotation":90
		    }
		}
	},
	{
	   "from": [0,10,-10],
	   "to": [16,10,6],
	   "faces": {
		"up": {"uv":[0,0,16,16],
		    "texture":"#leaf",
		    "rotation":180
		    },
		"down": {"uv":[16,0,0,16],
		    "texture":"#leaf"
		    }
		}
	},
	{
	   "from": [10,10,0],
	   "to": [26,10,16],
	   "rotation": {"origin": [8,8,8],
		"axis":"z",
		"angle":-22.5,
		"rescale":true
		},
	   "faces": {
		"up": {"uv":[0,0,16,16],
		    "texture":"#leaf",
		    "rotation":270
		    },
		"down": {"uv":[16,0,0,16],
		    "texture":"#leaf",
		    "rotation":270
		    }
		}
	}
 ]
}
