{
    "variants": {
        "": [
			{ "model": "block/grass/0", "weight": 50 },
			{ "model": "block/grass/1", "weight": 50 },
			{ "model": "block/grass/2", "weight": 50 },
			{ "model": "block/grass/3", "weight": 50 },
			{ "model": "block/grass/4", "weight": 50 },
			{ "model": "block/grass/5", "weight": 50 },
			{ "model": "block/grass/6", "weight": 7 },
			{ "model": "block/grass/7", "weight": 7 },
			{ "model": "block/grass/8", "weight": 7 },
			{ "model": "block/grass/9", "weight": 7 },
			{ "model": "block/grass/10", "weight": 7 },
			{ "model": "block/grass/11", "weight": 7 }
			]
    }
}
